Date,TimeStamp,UserAccelerationX,UserAccelerationY,UserAccelerationZ,AttitudePitch,AttitudeRoll,AttitudeYaw,GravityX,GravityY,GravityZ,RotationRateX,RotationRateY,RotationRateZ
2024-11-02 12:00:20.806,1730520011.044313,-0.0006467849016189,0.0038284659385681,-0.0004161605611443,-1.3580227265269345,1.6271349476738008,1.6696965138383777,0.210836574435234,0.9774489402770996,0.0118908258154988,-0.0021509437356144,0.0004341547028161,0.0029794974252581
2024-11-02 12:00:24.787,1730520015.025418,0.0794880539178848,-0.0024939179420471,0.0479434728622436,-1.3616187935544446,1.5525704038094472,1.592802485896983,0.2076213657855987,0.9782020449638368,-0.0037845100741833,0.0789344310760498,0.0849636867642402,-0.0241585932672023
2024-11-02 12:00:20.615,1730520010.85307,0.0012251883745193,-0.0056883692741394,4.9591995775699615e-05,-1.3569923810393767,1.608110666599342,1.6507113071557915,0.2120316624641418,0.9772308468818665,0.0079154958948493,0.0093252435326576,-0.0023701540194451,-0.0018849262269213
2024-11-02 12:00:22.492,1730520012.730187,-0.007570594549179,-0.017790675163269,-0.0091623058542609,-1.3594616185171182,1.6144160921100856,1.6562906901908303,0.209566444158554,0.9777517914772034,0.0091470414772629,0.0373185873031616,-0.0220309402793645,-0.0386716499924659
2024-11-02 12:00:23.789,1730520014.027269,-0.0050563961267471,-0.0035498142242431,-0.0010308022610843,-1.355976265844887,1.5467830930966424,1.5906444327622415,0.2131099551916122,0.9770147800445556,-0.0051184431649744,0.0248694103211164,0.0170363001525402,0.0148761048913002
2024-11-02 12:00:20.675,1730520010.9128408,-0.0045852214097976,0.0008741617202758,-0.0104365348815917,-1.3569140854650026,1.6084728530519186,1.6512293399564448,0.2121047526597976,0.9772142767906188,0.0079951537773013,-0.0403452776372432,-0.0020689503289759,-0.0072084246203303
2024-11-02 12:00:20.835,1730520011.072497,-0.0007281005382537,0.0051009058952331,-0.0012153396382927,-1.3578501838116648,1.6280572172008991,1.6706698794338353,0.2109942287206649,0.9774125218391418,0.0120949391275644,-0.0122323557734489,-0.00457498524338,0.00753467483446
2024-11-02 12:00:21.114,1730520011.351998,0.0098830759525299,0.0698739290237426,-0.0049381265416741,-1.3671501224603153,1.6344139966211624,1.6761825584682268,0.2018325924873352,0.9793356657028198,0.0128574697300791,0.1472817063331604,-0.0132377156987786,0.0787766799330711
2024-11-02 12:00:22.761,1730520012.999137,-0.025079071521759,-0.0429146289825439,-0.0174204111099243,-1.3574712631882222,1.5951357815389096,1.6377594644452125,0.2116482704877853,0.977332353591919,0.0051524210721254,-0.0340014584362506,-0.0112462034448981,0.0122545948252081
2024-11-02 12:00:22.821,1730520013.058943,0.0104671567678451,-0.0197169184684753,0.0080244541168212,-1.3577391997771182,1.5990238734080229,1.641606605220363,0.2113651037216186,0.9773890376091005,0.0059679034166038,-0.0170609354972839,-0.0079489443451166,-0.0137807875871658
2024-11-02 12:00:22.242,1730520012.479958,0.0045347213745117,0.0027797818183898,0.0048086643218994,-1.3582201360598058,1.6105023338528337,1.6535215727396642,0.2108125686645507,0.9774906635284424,0.0083749266341328,0.0223970897495746,0.0104321939870715,0.0286965779960155
2024-11-02 12:00:24.061,1730520014.2991009,0.0445581674575805,-0.0358520746231079,0.016696810722351,-1.365560920074195,1.5767680159696358,1.6172480980082151,0.2037938684225082,0.9790130257606506,0.0012170081026852,-0.0569819696247577,0.0252835769206285,-0.0692441537976265
2024-11-02 12:00:23.220,1730520013.458252,0.0013661533594131,-0.0046292543411254,0.005576014984399,-1.3584782903175636,1.5970530224991648,1.6398931285219274,0.2106547355651855,0.9775450825691224,0.0055323685519397,0.0781450495123863,0.0027649533003568,-0.0640551447868347
2024-11-02 12:00:22.062,1730520012.300384,0.008841797709465,-0.0120736956596374,-0.0016709566116333,-1.3597033166631332,1.6111164067190202,1.6534261585379175,0.2093588709831237,0.9778024554252625,0.0084459437057375,-0.0075553599745035,-0.0198570024222135,-0.0039935633540153
2024-11-02 12:00:22.422,1730520012.659654,-0.0020232647657394,-0.0114463567733764,0.005781770683825,-1.3573056777379158,1.6135948774218476,1.6560021013657007,0.2116790413856506,0.977297306060791,0.0090650916099548,0.0004619935061782,0.0070350654423236,-0.0116630420088768
2024-11-02 12:00:21.084,1730520011.3220692,0.0116269588470458,0.0546140670776367,0.0251033324748277,-1.3684427443944438,1.650815875101035,1.6920464212845563,0.2003328800201416,0.9795962572097778,0.0160648487508296,0.0474796146154403,-0.0534836687147617,0.0184651929885149
2024-11-02 12:00:21.903,1730520012.1406,-0.0138589441776275,-0.0275146961212158,-0.0165607929229736,-1.362337449830653,1.6020139149315868,1.644040307456354,0.2068521231412887,0.9783509969711304,0.0064595229923725,0.0258500948548316,0.0164916850626468,0.0558315813541412
2024-11-02 12:00:23.120,1730520013.35842,-0.0029385834932327,-0.0164953470230102,0.0044474592432379,-1.3556469199665346,1.5998558857929568,1.6426930563992896,0.213403046131134,0.9769445061683656,0.0062031443230807,0.0074384086765348,-0.0081662582233548,-0.0044153551571071
2024-11-02 12:00:20.984,1730520011.22241,0.010809764266014,-0.028730571269989,-0.0022193202748894,-1.3611365986346609,1.6148322254064085,1.6563552068771998,0.2079249322414398,0.9781017899513244,0.0091620841994881,0.2332882136106491,0.1392663419246673,-0.1022618114948272
2024-11-02 12:00:24.298,1730520014.536395,-0.001112625002861,-0.017531394958496,0.0140727162361145,-1.358083739303125,1.5557423996397564,1.5969800548583573,0.2110888212919235,0.977461874485016,-0.0031779559794813,0.0400766097009182,-0.0160872973501682,0.0185966994613409
2024-11-02 12:00:22.032,1730520012.270462,0.0009790360927581,0.0051029324531555,0.0014135837554931,-1.3595076436595472,1.609684766781705,1.651536451072618,0.2095617651939392,0.977761447429657,0.0081536406651139,-0.0193175077438354,-0.0111844185739755,-0.0035586694721132
2024-11-02 12:00:20.425,1730520010.663252,-0.006864458322525,0.016250729560852,0.0084490776062011,-1.358956127252222,1.593823814648227,1.6365677190839514,0.2102030366659164,0.9776456356048584,0.0048413039185106,0.0984125211834907,0.00054494215874,0.0992490947246551
2024-11-02 12:00:23.320,1730520013.55811,-0.0025052726268768,0.0105935931205749,0.001568435691297,-1.3678296579054818,1.6173077630487702,1.6564311190197245,0.201357826590538,0.9794728755950928,0.0093722008168697,0.03292952850461,-0.0114800296723842,-0.0506570450961589
2024-11-02 12:00:24.947,1730520015.185215,-0.0166095197200775,0.0046775937080383,-0.0264251828193664,-1.356607676898096,1.5302109595536184,1.5709702391216134,0.2123797982931137,0.9771491885185242,-0.0086242482066154,-0.0220407005399465,0.0363317020237445,0.0455519892275333
2024-11-02 12:00:22.222,1730520012.46013,0.0012892186641693,0.0105871558189392,-9.739305824041368e-05,-1.3587517467013444,1.6110736170941289,1.6541390260402016,0.2102891951799392,0.9776026606559752,0.0084744617342948,-0.0142326727509498,0.0015193928265944,0.0307468399405479
2024-11-02 12:00:24.458,1730520014.696018,0.0002051144838333,0.0020862221717834,-0.0024093983229249,-1.3585420864008315,1.5620250377036686,1.605383592315172,0.2106560617685318,0.9775584936141968,-0.0018477726262062,0.0082870014011859,0.0083834240213036,0.0098413983359932
2024-11-02 12:00:23.370,1730520013.6078649,0.025098294019699,0.0365775823593139,0.029442548751831,-1.3676875235118202,1.6020773872210448,1.6428065399618863,0.2016167640686035,0.9794442057609558,0.0063088443130254,0.0902914181351661,-0.0495688244700431,0.0682282224297523
2024-11-02 12:00:23.679,1730520013.917447,-0.0118258148431777,-0.0055097341537475,-0.0124046206474304,-1.3576606320450657,1.5482841153969238,1.593171679423272,0.2114717960357666,0.9773724675178528,-0.0047615021467208,0.0314554050564765,0.0036613731645047,0.0152086801826953
2024-11-02 12:00:24.698,1730520014.935647,-0.002173513174057,0.0002593994140625,0.0142021179199218,-1.357150211512974,1.5600912096167558,1.6027693115953825,0.212012380361557,0.9772643446922302,-0.0022697038948535,0.0076391021721065,0.0122266318649053,-0.0289910063147544
2024-11-02 12:00:23.859,1730520014.096997,0.0030391216278076,-0.0071167945861816,0.0067058801651,-1.355888168184229,1.549223739707399,1.5929037462641524,0.2132084220647812,0.9769960045814514,-0.0046001709997653,0.0023223208263516,-0.0045859040692448,-0.002349701244384
2024-11-02 12:00:24.887,1730520015.125311,-0.0079656541347503,0.0171541571617126,-0.000761151779443,-1.3602525230977331,1.5517306392762236,1.5933853391633743,0.2089544236660003,0.9779174327850342,-0.0039843427948653,0.0774635002017021,-0.0211467705667018,0.0531402416527271
2024-11-02 12:00:21.294,1730520011.531697,0.0018805712461471,0.0129680633544921,0.0139280557632446,-1.3600576632989378,1.617951653411286,1.6583122254003595,0.2089501023292541,0.9778766632080078,0.0098604196682572,0.0002096833195537,-0.0238701198250055,0.0115346889942884
2024-11-02 12:00:22.002,1730520012.240416,-0.0008617937564849,-0.0026100277900695,0.0034800777211785,-1.3596156571192308,1.6066867549149426,1.6484239525607338,0.2094800025224685,0.9777840971946716,0.0075215566903352,-0.029697710648179,-0.0034974699374288,0.0108114276081323
2024-11-02 12:00:20.907,1730520011.144477,0.0008036941289901,-0.0069128274917602,0.0040736217051744,-1.3581639886515129,1.6321515964266478,1.6746532298310068,0.2106373906135559,0.977478802204132,0.0129399551078677,-0.0405064299702644,0.0018213952425867,-0.0161537174135446
2024-11-02 12:00:22.412,1730520012.649812,0.0060855001211166,-0.001106858253479,0.0088046789169311,-1.357189412796698,1.6133477551147186,1.6558582330021905,0.2117947340011596,0.977272629737854,0.0090176118537783,-0.0063913846388459,0.0109152914956212,-0.0130729191005229
2024-11-02 12:00:22.432,1730520012.6696892,-0.0023930966854095,-0.0116578936576843,-0.0005959272384643,-1.3574393381466023,1.6139075747585985,1.6562753648095272,0.2115453481674194,0.9773256182670592,0.0091256387531757,-0.0077810850925743,0.0033615012653172,-0.013784622773528
2024-11-02 12:00:21.693,1730520011.931059,-0.0031516700983047,-0.020412266254425,-0.0055576581507921,-1.359083012357161,1.6296643459931357,1.670339363308385,0.2097708731889724,0.9776723384857178,0.0123630808666348,-0.0202088207006454,0.0574516355991363,-0.1086758747696876
2024-11-02 12:00:23.350,1730520013.5879831,0.0030925720930099,0.0496827363967895,0.036962866783142,-1.368531949620534,1.6099694974156384,1.6497340282668531,0.2007343173027038,0.9796141982078552,0.0078674238175153,0.0365508012473583,-0.0567489713430404,0.0161932501941919
2024-11-02 12:00:24.468,1730520014.70605,-0.0002882331609725,0.0044213533401489,0.0032548906747251,-1.358394629766749,1.5612190737887166,1.6045143643073296,0.2107984274625778,0.9775274395942688,-0.0020189315546303,0.0173999294638633,0.0018818490207195,0.018527403473854
2024-11-02 12:00:22.172,1730520012.4101992,-0.0088987797498703,0.0018602609634399,-0.0074261436238884,-1.3599086354963168,1.60956272615868,1.6529264756490614,0.2091703712940216,0.9778454899787904,0.0081128468737006,-0.0062789237126708,0.0140780610963702,0.0100424140691757
2024-11-02 12:00:20.924,1730520011.16228,0.0001850128173828,-0.0090364217758178,0.0067412853240966,-1.3584651464726698,1.634644183885562,1.6772811614766274,0.2103099673986435,0.977542281150818,0.0134461168199777,-0.0107161859050393,-0.0084789134562015,-0.0175762176513671
2024-11-02 12:00:21.543,1730520011.781141,-0.0018722265958786,-0.0128194689750671,0.0047719478607177,-1.3575926864511825,1.6286832501868125,1.670424770051508,0.2112380862236023,0.9773580431938172,0.012241599150002,-0.0362458936870098,-0.0095897177234292,0.0096271205693483
2024-11-02 12:00:21.793,1730520012.0308409,0.0379322916269302,0.0102407336235046,0.0125068444758653,-1.36966491240815,1.6570085611885912,1.6971555195102015,0.1990367323160171,0.97984117269516,0.017202042043209,-0.0104765808209776,-0.0115016009658575,-0.0524013079702854
2024-11-02 12:00:20.506,1730520010.7438478,-0.0003270506858825,-0.0466285943984985,-0.009210349060595,-1.3567799309182598,1.6013789878200777,1.6435009169755743,0.21228688955307,0.9771857857704164,0.0064943227916955,-0.0286388527601957,0.0254617426544427,-0.0112455114722251
2024-11-02 12:00:24.578,1730520014.815737,-0.0005033165216445,0.0019009113311767,-1.806020736694336e-05,-1.356749337466879,1.559243856115586,1.6021524962239853,0.2124021351337433,0.9771792888641356,-0.0024538787547498,-0.0277138445526361,-0.0053036259487271,0.0054759974591434
2024-11-02 12:00:22.921,1730520013.158759,-0.0110799968242645,0.0117895603179931,-0.0223536491394042,-1.357752816217656,1.5962721748383997,1.6400708190661204,0.2113668471574783,0.9773919582366944,0.0053859152831137,-0.0252094827592372,-0.0087252557277679,0.0181163176894187
2024-11-02 12:00:24.211,1730520014.4493508,-0.0156723260879516,0.0292190909385681,0.0170193314552307,-1.3612260154380076,1.5498636804840369,1.5912691129089414,0.2079941183328628,0.9781203866004944,-0.0043545034714043,0.1545405983924865,0.0341561660170555,0.1052011474967002
2024-11-02 12:00:24.538,1730520014.775938,-0.007715880870819,-0.005062997341156,-0.0119832158088684,-1.357208844272542,1.5544788886985623,1.5971290897484012,0.2119395434856414,0.9772768020629884,-0.0034586172550916,-0.0050423219799995,0.0041146432049572,0.0169005319476127
2024-11-02 12:00:21.314,1730520011.551714,0.0059411972761154,0.0098785161972045,-0.0012135505676269,-1.3598008453617836,1.6172621320122158,1.6581582706956095,0.2092077136039734,0.9778228998184204,0.0097280070185661,-0.0036115646362304,-0.0249620154500007,0.009654764086008
2024-11-02 12:00:22.502,1730520012.739543,0.0010650753974914,-0.0354107618331909,-0.006153822876513,-1.3598789994008331,1.6112067244649393,1.6530396995530594,0.2091857492923736,0.9778392910957336,0.0084578832611441,0.1122114732861518,0.0321537367999553,-0.0517586879432201
2024-11-02 12:00:22.372,1730520012.609736,0.0034475922584533,0.0006502866744995,0.0007381439208984,-1.3571060730317392,1.6140985803661831,1.6566811768790874,0.2118691802024841,0.9772549867630004,0.0091801518574357,0.0281607322394847,0.0049194507300853,0.0080504221841692
2024-11-02 12:00:22.881,1730520013.118864,0.0040063112974166,0.0041661858558654,0.005429983139038,-1.3584473650545197,1.6020160286674308,1.6460139510004728,0.2106543183326721,0.977538526058197,0.0065787024796009,0.0416850633919239,-0.0040269065648317,0.0093750255182385
2024-11-02 12:00:20.535,1730520010.7730231,0.0003685802221298,-0.0044293403625488,0.0111589431762695,-1.356882948202592,1.6057856851751948,1.647454757523618,0.2121558189392089,0.9772076606750488,0.0074262265115976,-0.0113993342965841,0.0016448276583105,0.0011115028755739
2024-11-02 12:00:21.624,1730520011.862261,-0.0020214766263961,-0.0030043721199035,-0.0006912965327501,-1.3573584497753577,1.6276132094775146,1.6695703466328145,0.2114788293838501,0.977308452129364,0.0120285144075751,0.0163699015974998,-0.0063920598477125,0.0038487534038722
2024-11-02 12:00:21.943,1730520012.180546,-0.0067229866981506,-0.0428134202957153,-0.0027233362197875,-1.3606199132312609,1.6012610278494217,1.642925479294703,0.208535760641098,0.97799414396286,0.0063549457117915,-0.024887416511774,-0.003568842774257,0.024611821398139
2024-11-02 12:00:21.057,1730520011.294561,-0.0238653421401977,0.0403975844383239,0.0209945421665906,-1.3679632590267377,1.6559707136505155,1.696020235372881,0.2007146775722503,0.9794998168945312,0.0171372108161449,0.0252433959394693,-0.0301634352654218,-0.0489236488938331
2024-11-02 12:00:21.324,1730520011.561808,0.0077751576900482,-0.0015345811843872,-0.0069844713434576,-1.359726284139512,1.6172607458887072,1.658420504524087,0.2092811316251754,0.9778072834014891,0.0097311297431588,-0.004940215498209,-0.0249580219388008,0.0043175225146114
2024-11-02 12:00:21.024,1730520011.2621078,0.0126438438892364,-0.0835781693458557,-0.0304603576660156,-1.3656194385058078,1.6399966099718797,1.679868760652369,0.2032527476549148,0.9790249466896056,0.0140876416116952,-0.2684746086597442,-0.0159562695771455,-0.1308815777301788
2024-11-02 12:00:24.937,1730520015.175221,-0.0154392123222351,0.0157684683799743,-0.0181363821029663,-1.3571212087275428,1.530531543412432,1.5716315278083324,0.2118808478116989,0.9772582054138184,-0.0085359504446387,0.0616389699280262,0.0408883728086948,0.046692781150341
2024-11-02 12:00:24.189,1730520014.426647,-0.0084833204746246,0.0092660188674926,0.0015465022297576,-1.3631888844082116,1.5646998221780708,1.6066699619205853,0.2061151415109634,0.9785268902778624,-0.0012565974611788,0.1037320345640182,-0.0006982213817536,0.0833172649145126
2024-11-02 12:00:21.144,1730520011.381875,-0.0094797909259796,0.0288841128349304,-0.0262428522109985,-1.36469804722863,1.6168071237294828,1.658367064385737,0.2044260799884796,0.9788368344306946,0.0094124497845768,0.0929708406329155,0.0024610864929854,0.0940434634685516
2024-11-02 12:00:23.961,1730520014.1990418,-0.0002315789461135,-0.0003067255020141,0.0037171239964663,-1.3569425965941082,1.5486785016565312,1.592270966910224,0.2121762037277221,0.9772202968597412,-0.0046936417929828,-0.0206916835159063,0.0220385156571865,-0.0363234877586364
2024-11-02 12:00:20.944,1730520011.182166,-0.0020404607057571,-0.0001499652862548,0.0059517594054341,-1.359016747487438,1.6333350459623113,1.675941931615486,0.209788829088211,0.9776583909988404,0.013137056492269,0.0490629896521568,0.0049735130742192,-0.0403086952865123
2024-11-02 12:00:23.939,1730520014.176992,0.0043087154626846,-0.0081588625907897,-0.006764531135559,-1.3564105453994697,1.5468618199233644,1.5905971407979278,0.2126865237951278,0.9771072268486024,-0.0050915195606648,-0.0163183361291885,-0.004826920107007,-0.0221494510769844
2024-11-02 12:00:22.811,1730520013.048986,0.0032379627227783,-0.0250446200370788,0.0075684785842895,-1.357606278872404,1.5983486412758547,1.6408296334573045,0.2114989757537841,0.9773609638214112,0.0058287614956498,-0.0170156601816415,-0.0060833990573883,-0.0124516040086746
2024-11-02 12:00:23.979,1730520014.21692,-0.0100365281105041,-0.0060033798217773,-0.0027762651443481,-1.35804754567014,1.5498340466576963,1.5929632351579448,0.2111016064882278,0.9774541854858398,-0.0044258194975554,0.0163651704788208,0.0259000994265079,-0.0681262612342834
2024-11-02 12:00:22.581,1730520012.81945,-0.0204908400774002,0.0297611951828002,0.0040682554244995,-1.3663844120815862,1.6139856733505382,1.6534700200873012,0.2028028219938278,0.9791805148124696,0.0087643712759017,0.0339985527098178,-0.0135804647579789,-0.036464687436819
2024-11-02 12:00:24.318,1730520014.556316,-0.000600442290306,-0.0067530870437622,0.0214574933052063,-1.3579131903670263,1.5535896954836883,1.5952674956747654,0.2112480401992797,0.9774258136749268,-0.0036352258175611,-0.0120500400662422,-0.0345592461526393,0.0040183966048061
2024-11-02 12:00:22.452,1730520012.689569,-0.0009022504091262,-0.0097337365150451,0.0024956474080681,-1.3577212937070104,1.6150750803700114,1.657339440809156,0.211259976029396,0.9773852825164796,0.0093604465946555,-0.005497895181179,0.0082449400797486,-0.0230933837592601
2024-11-02 12:00:24.259,1730520014.496469,-0.0082641094923019,-0.0430371761322021,-0.0083420276641845,-1.3587746526655198,1.5556198862117867,1.5965887641063483,0.2104125618934631,0.977607488632202,-0.0031935588922351,-0.0876616612076759,-0.0107995914295315,0.0175533797591924
2024-11-02 12:00:21.893,1730520012.13075,-0.0180363208055496,-0.0108615756034851,-0.02080500125885,-1.3629734381169916,1.603080901915837,1.6452798421947998,0.2062229514122009,0.97848242521286,0.0066601345315575,0.0266543701291084,0.0092153958976268,0.0750422924757003
2024-11-02 12:00:23.560,1730520013.797501,0.0088117718696594,0.0010576844215393,0.0180380940437316,-1.358282416370885,1.5649258789477936,1.6065753444982458,0.2109147608280182,0.977503776550293,-0.0012381783453747,-0.0061707040295004,-0.0283010862767696,-0.0011195337865501
2024-11-02 12:00:20.815,1730520011.052494,-0.0008256137371063,0.0067093968391418,0.0002194633707404,-1.3579645624576615,1.6271446543515649,1.6697093235088576,0.2108933627605438,0.977436661720276,0.0118960812687873,-0.006274833343923,0.0001302879536524,0.0075599746778607
2024-11-02 12:00:22.012,1730520012.250368,0.0058761686086654,-0.0119168162345886,0.004739643074572,-1.359537737326399,1.6078718052382777,1.6496325896124255,0.2095474749803543,0.9777677655220032,0.0077726347371935,-0.0229056011885404,0.0024203401990234,0.0032952949404716
2024-11-02 12:00:24.917,1730520015.1552792,-0.001497209072113,0.0159918665885925,-0.0053462982177734,-1.3583021781779143,1.538187252162414,1.580019150969313,0.2107867449522018,0.9775079488754272,-0.006875998340547,0.1176918968558311,0.0020147408358752,0.0622940063476562
2024-11-02 12:00:20.725,1730520010.962757,-0.002037301659584,-0.0060727596282958,-0.0080829868093132,-1.3575812715161906,1.6142729095811366,1.65672833060774,0.2114031016826629,0.977355659008026,0.0091968802735209,-0.0111633781343698,0.0196091812103986,-0.0166954565793275
2024-11-02 12:00:20.665,1730520010.902822,-0.0060337483882904,-0.0002447366714477,-0.0136703252792358,-1.3568652820132574,1.606877223512755,1.64957035686062,0.2121647298336029,0.977203905582428,0.0076584173366427,-0.0303880330175161,-0.0061577018350362,-0.0066282823681831
2024-11-02 12:00:22.192,1730520012.4302,-0.0131242722272872,0.0105476975440979,-0.0157293081283569,-1.359593571552246,1.61017212288222,1.6532724553092024,0.2094744145870208,0.977779507637024,0.0082524865865707,-0.0055820196866989,0.0083256335929036,0.0238331668078899
2024-11-02 12:00:24.588,1730520014.825764,0.0019312053918838,-0.0056529641151428,0.008009910583496,-1.3566818983650706,1.5597414808693315,1.602676302051277,0.2124700546264648,0.9771649241447448,-0.0023489193990826,0.010449394583702,-0.0024809413589537,0.0124764367938041
2024-11-02 12:00:24.139,1730520014.376584,0.0084147602319717,0.0261029601097106,-0.0199222564697265,-1.3653903109414025,1.561866017397142,1.6031495742515456,0.203957051038742,0.9789782762527466,-0.0018214479787275,-0.0011603264138102,0.0156179005280137,0.0278912372887134
2024-11-02 12:00:21.603,1730520011.841148,0.0004474520683288,-0.0011706948280334,0.0119808930903673,-1.357419203631983,1.6275942283798268,1.6693811446444295,0.2114208489656448,0.9773213267326356,0.0120211895555257,-0.0130984000861644,-0.0090933041647076,-0.0037399241700768
2024-11-02 12:00:21.763,1730520012.000752,-0.0193248838186264,-0.0176073908805847,-0.023929001763463,-1.3670874590414996,1.6398812824808375,1.6782634285179363,0.2018199563026428,0.9793230295181274,0.0139649473130702,-0.2044186443090438,-0.0495496466755867,-0.1006914004683494
2024-11-02 12:00:24.837,1730520015.0753732,-0.0040709525346755,0.042108416557312,0.0071388478390872,-1.3616882197763287,1.554855958910636,1.5951376128788723,0.2075621783733368,0.9782164692878724,-0.0033088978379964,-0.0580538623034954,-0.0170921087265014,0.0029174457304179
2024-11-02 12:00:24.119,1730520014.356673,-0.0010913759469985,0.0465744137763977,0.0041533708572387,-1.3660182272044823,1.5650040439096402,1.6063213204782294,0.2033466100692749,0.9791061282157898,-0.0011778542539104,0.048856221139431,-0.026288004592061,0.0252449084073305
2024-11-02 12:00:23.749,1730520013.987241,-0.0072950422763824,0.0032795667648315,0.0012574796564877,-1.3566518897074789,1.5498709151130623,1.594401997267162,0.212464690208435,0.977158546447754,-0.0044465600512921,-0.0035225974861532,0.0069951182231307,0.0240757819265127
2024-11-02 12:00:24.508,1730520014.745943,-0.0038080513477325,0.0008873343467712,0.010371446609497,-1.3577166781228625,1.5563143653024147,1.5994142958967597,0.2114497125148773,0.9773842692375184,-0.0030624207574874,0.024657092988491,0.0102716051042079,0.0186866614967584
2024-11-02 12:00:24.398,1730520014.636162,-0.0031055361032485,0.0013970136642456,-0.025223433971405,-1.358409488336533,1.5535704392699758,1.597472582423748,0.2107623815536499,0.977530598640442,-0.0036309282295405,0.014389730989933,0.014493248425424,-0.0054539879783988
2024-11-02 12:00:24.829,1730520015.066954,0.0428974628448486,-0.0001474618911743,0.013867437839508,-1.3616353134460282,1.5527313464361352,1.5929154360426978,0.2076061069965362,0.9782054424285888,-0.0037508083041757,-0.0388918854296207,0.009611140936613,-0.0057080001570284
2024-11-02 12:00:24.179,1730520014.4164848,-0.0057564824819564,-0.0135285258293151,-0.0140166878700256,-1.363920905888823,1.5678693156352506,1.6097750252716985,0.2054024934768676,0.97867751121521,-0.0006012170924805,0.0305176135152578,-0.0224471930414438,0.062124628573656
2024-11-02 12:00:22.671,1730520012.909204,0.0128189772367477,0.0417050719261169,0.0169011354446411,-1.3637137299255335,1.599919645543926,1.6417505337576297,0.2055190056562423,0.9786348938941956,0.0059870886616408,0.0778996348381042,-0.0409071594476699,0.1129025369882583
2024-11-02 12:00:22.522,1730520012.759496,0.0042626559734344,-0.0027382373809814,0.0072733168490231,-1.3616198526821668,1.598527038293596,1.6378415132501136,0.2075751572847366,0.9782022833824158,0.0057576829567551,0.0544027872383594,0.1247587651014328,-0.0972984209656715
2024-11-02 12:00:22.232,1730520012.470038,0.003131479024887,0.0112426877021789,0.0029255170375108,-1.3584652901817924,1.6112296912588189,1.654300899971041,0.2105679214000702,0.9775423407554626,0.0085186120122671,0.0040665506385266,-0.0008369721472263,0.0302864853292703
2024-11-02 12:00:23.260,1730520013.498186,-0.0180512964725494,-0.0161577463150024,-0.0309675931930542,-1.3618742179771646,1.590182850301364,1.6297439633832458,0.2073671221733093,0.978255033493042,0.0040206313133239,-0.1501761525869369,0.0454839244484901,-0.1171723678708076
2024-11-02 12:00:22.911,1730520013.148785,-0.007504791021347,0.011195957660675,-0.0218949317932128,-1.3579625000922948,1.5959310868524217,1.6396651310760764,0.2111638188362121,0.9774362444877625,0.0053086699917912,0.0124145913869142,0.0041580526158213,0.0171772874891757
2024-11-02 12:00:22.462,1730520012.6996288,-0.0029630362987518,-0.0026093125343322,0.0072869071736931,-1.3580167161872048,1.6151354382222218,1.6572323111695335,0.2109708786010742,0.9774476885795592,0.0093603963032364,0.0070951278321444,0.030569152906537,-0.03319688513875
2024-11-02 12:00:22.793,1730520013.030463,-0.0108495354652404,-0.031338095664978,-0.0029057264328002,-1.357422399119344,1.5970595106556689,1.6395604205135996,0.2116857022047042,0.9773220419883728,0.0055608190596103,-0.0123226856812834,0.0097813168540596,-0.0063835913315415
2024-11-02 12:00:21.674,1730520011.9123569,0.0013070702552795,-0.0086855292320251,0.0007922649383544,-1.3575983645744003,1.6261429510059933,1.6678267769035555,0.2112630903720855,0.9773592948913574,0.011704652570188,-0.025506991893053,0.0342267416417598,-0.0404491499066352
2024-11-02 12:00:22.571,1730520012.809336,-0.0067220330238342,0.0342249870300293,0.0115023851394653,-1.3659681611717631,1.6156861059270835,1.6551701852821064,0.2031942009925842,0.9790959358215332,0.0091274743899703,0.0377568081021308,0.0122114513069391,-0.0488390661776065
2024-11-02 12:00:22.352,1730520012.5898,-0.0012955069541931,-0.0007436275482177,0.0064460039138793,-1.3572036863872037,1.613968383097846,1.6566737888353706,0.2117752432823181,0.9772756695747375,0.0091484570875763,-0.0397045537829399,-0.0001916881883516,0.0064072520472109
2024-11-02 12:00:20.415,1730520010.653229,-0.0041994452476501,0.0360610485076904,0.0049891462549567,-1.3599537107169903,1.5988726697764446,1.6415889801509025,0.2092012166976928,0.9778549075126648,0.0058751488104462,0.1028110012412071,-0.0277644600719213,0.1092689707875251
2024-11-02 12:00:24.348,1730520014.58636,0.0017701685428619,-0.0142177939414978,0.0063490271568298,-1.3580718849013715,1.557490983254489,1.600728849083922,0.2111051678657531,0.9774593710899352,-0.002808992518112,-0.0406451523303985,-0.0540727600455284,-0.0104947127401828
2024-11-02 12:00:20.934,1730520011.172174,0.0017552077770233,-0.0041045546531677,0.0056841392070055,-1.358667429799417,1.63465192949013,1.677326953319584,0.2101131081581115,0.9775848984718324,0.0134351653978228,0.0095126526430249,0.0017524193972349,-0.0255848765373229
2024-11-02 12:00:24.438,1730520014.676098,-0.0004798620939254,0.0014988183975219,-0.018469750881195,-1.3586509402487723,1.560899384929242,1.6044302656748175,0.2105475962162017,0.9775814414024352,-0.002083845436573,-0.0338607653975486,0.0098862461745738,-0.0044410279951989
2024-11-02 12:00:22.941,1730520013.178815,-0.0031600147485733,0.0021238923072814,-0.010792494751513,-1.3574965862104973,1.6000874503942977,1.6441033485053609,0.2115950137376785,0.9773377180099488,0.0061996290460228,-0.041246511042118,0.0019292533397674,0.0021891775541007
2024-11-02 12:00:23.071,1730520013.308535,0.0036918371915817,-0.0052745342254638,0.0007648468017578,-1.355907152182608,1.6019912884515315,1.6446251283156448,0.2131355851888656,0.977000057697296,0.0066509139724075,-0.0213997233659029,-0.0006915635894984,0.0109438933432102
2024-11-02 12:00:24.248,1730520014.486454,-0.0121427774429321,-0.0312227606773376,-0.0043896436691284,-1.3589729076599777,1.5509583220934762,1.5916878994827734,0.2102018594741821,0.9776491522789,-0.0041705323383212,-0.1187165156006813,-0.0131658101454377,0.0302159115672111
2024-11-02 12:00:21.274,1730520011.511684,0.0030091553926467,-0.0070910453796386,0.0237271785736084,-1.3603201429736886,1.6182145518404525,1.658122471417104,0.2086912840604782,0.977931559085846,0.0099031934514641,-0.0092486133798956,-0.0176279358565807,0.0090254060924053
2024-11-02 12:00:20.874,1730520011.112452,8.907914161682129e-05,-0.0073160529136657,-0.0030218362808227,-1.3577607270489132,1.6284227424648527,1.671009021174511,0.2110772877931594,0.977393627166748,0.0121771097183227,-0.0033228143583983,0.0009750426979735,-0.0039021638222038
2024-11-02 12:00:23.809,1730520014.0473928,-0.0011511445045471,-0.0074731111526489,-0.0068483944050967,-1.3557700010742486,1.546323559375282,1.5899256570542328,0.2133093327283859,0.9769707918167114,-0.0052213119342923,-0.0133477672934532,0.0104867881163954,0.0048783840611577
2024-11-02 12:00:24.378,1730520014.616304,0.0024707019329071,-0.00960373878479,-0.0086795687675476,-1.358333315859787,1.5566001752664027,1.600786341179766,0.2108471691608429,0.9775145053863524,-0.0029934193007647,0.0474802702665329,-0.0055371848866343,-0.0042924769222736
2024-11-02 12:00:22.831,1730520013.068974,0.0087194889783859,-0.0104460716247558,0.0062882900238037,-1.3579144964225238,1.5996811144726406,1.642435125412055,0.2111902087926864,0.9774261116981506,0.0061018816195428,-0.0225207135081291,-0.0211198739707469,-0.0186272598803043
2024-11-02 12:00:24.608,1730520014.846035,0.0004624277353286,-0.0140257477760314,0.0020181536674499,-1.3563740898246577,1.55743912792017,1.6002971789880645,0.2127639055252075,0.9770994782447816,-0.0028420989401638,0.0265467464923858,0.0053969556465744,0.0155493514612317
2024-11-02 12:00:23.989,1730520014.226857,-0.0107406824827194,-0.0256319046020507,-0.0098133087158203,-1.3587265003944309,1.5485479880176367,1.5913502521333072,0.2104324847459793,0.9775973558425904,-0.0046825455501675,0.0478343181312084,0.0345335379242897,-0.0702807083725929
2024-11-02 12:00:24.268,1730520014.506401,0.0053442269563674,-0.0408813953399658,-0.0045152306556701,-1.3586091406521257,1.558617388337185,1.5997083463567736,0.2105828821659088,0.9775726199150084,-0.0025648027658462,-0.0392563752830028,-0.0001669207122176,0.0212616715580225
2024-11-02 12:00:20.845,1730520011.082618,0.0003174543380737,0.0015274882316589,-0.0019476413726806,-1.357791582973481,1.6284023477873424,1.6710511517656308,0.2110473215579986,0.9774001240730286,0.0121710626408457,-0.004777901340276,-0.0034229012671858,0.0064409142360091
2024-11-02 12:00:22.402,1730520012.639744,0.0052782446146011,0.0006887316703796,-0.0018700370565056,-1.3570684861771325,1.6130055264802303,1.6556098594538675,0.2119153290987014,0.9772469997406006,0.0089500918984413,-0.0032769585959613,0.005845165811479,-0.0135126607492566
2024-11-02 12:00:21.384,1730520011.621696,-0.0081163793802261,-0.0088403224945068,0.0001010885462164,-1.3598558052461232,1.6220051679650955,1.6641298894491747,0.2091051191091537,0.977834403514862,0.0107174012809991,0.0043402598239481,-0.0027195608709007,-0.0032292900141328
2024-11-02 12:00:21.853,1730520012.090683,0.0004968792200088,0.0800296068191528,0.0077412128448486,-1.3669569560114971,1.6258253357362369,1.6680567371481063,0.2021245807409286,0.9792965650558472,0.0111339557915925,0.1926503926515579,-0.0186726953834295,0.1100818738341331
2024-11-02 12:00:23.280,1730520013.518149,0.00297611951828,-0.0375568270683288,-0.0462845563888549,-1.364271897138518,1.6090757369158344,1.6491816777727524,0.2049096077680587,0.9787495136260986,0.0078476518392562,-0.1526275724172592,0.0120601840317249,-0.1445580720901489
2024-11-02 12:00:24.598,1730520014.835962,-0.000751107931137,-0.0126542448997497,0.0061978697776794,-1.3565266746835885,1.5588707839904896,1.6017673874505405,0.2126194536685943,0.977131962776184,-0.0025357226841151,0.0290350634604692,0.0013500157510861,0.0169761143624782
2024-11-02 12:00:20.785,1730520011.022608,-0.0048618465662002,-0.0012710690498352,0.0009936094284057,-1.35810998648842,1.6261157068287242,1.6686055068878336,0.2107639759778976,0.97746741771698,0.0116712404415011,-0.0176574029028415,-0.0014961045235395,0.0014357692562043
2024-11-02 12:00:22.961,1730520013.198709,-0.0115943551063537,-0.0101392865180969,-0.0093777179718017,-1.3574016765815895,1.6031943414610352,1.6471379758055065,0.2116676121950149,0.9773176312446594,0.0068600107915699,-0.0175447035580873,0.0048632575199007,0.0080853095278143
2024-11-02 12:00:25.047,1730520015.285036,0.0005676746368408,-0.0132091045379638,0.0117755541577935,-1.3556917302511995,1.54457756879468,1.5839099513534023,0.2133757770061493,0.9769541025161744,-0.0055957301519811,-0.0072630699723958,-0.0034194395411759,-0.0061051310040056
2024-11-02 12:00:21.653,1730520011.891001,0.0009252279996871,-0.0008408427238464,-0.0004866113886237,-1.3573028649782397,1.624683892930372,1.666575525527593,0.2115686982870102,0.9772967100143432,0.0114119704812765,0.0088902711868286,0.0024211392737925,-0.0026683746837079
2024-11-02 12:00:20.745,1730520010.982654,-0.0035234540700912,0.0018538832664489,-0.001123309135437,-1.357835604093823,1.6180021742394697,1.6603256320100228,0.2111192643642425,0.9774094223976136,0.0099734729155898,-0.0638414919376373,0.0001222984865307,-0.0157735776156187
2024-11-02 12:00:25.017,1730520015.255178,0.0043994486331939,-0.0182269811630249,0.0278254747390747,-1.355681901510461,1.5451617542627742,1.5848229367704396,0.2133892625570297,0.9769519567489624,-0.0054713408462703,-0.0080067347735166,0.0190685596317052,0.0089877489954233
2024-11-02 12:00:20.485,1730520010.7231212,-0.0320142358541488,-0.0526703596115112,-0.0215677022933959,-1.3565613132987997,1.5972447871002593,1.639441547171694,0.2125256955623626,0.9771392941474916,0.0056222882121801,-0.0601988583803176,0.0030416557565331,-0.0028949566185474
2024-11-02 12:00:22.112,1730520012.3502522,-0.0028128921985626,-0.0039279460906982,0.0004528760910034,-1.3600795388320812,1.6113194138983242,1.6545579668798105,0.2089896649122238,0.9778812527656556,0.0084735453128814,0.0119466241449117,-0.0162175260484218,-0.0013080321950837
2024-11-02 12:00:23.160,1730520013.398354,0.0006459951400756,-0.0181652307510375,-0.0028626923449337,-1.356322762551882,1.6037533925927865,1.647161431841302,0.2127176374197006,0.9770885705947876,0.0070130885578691,-0.0231450051069259,-0.0041046710684895,-0.0246350336819887
2024-11-02 12:00:22.592,1730520012.8303518,0.0196270644664764,-0.0074878931045532,0.0105603942647576,-1.3666974426037972,1.6123581898273325,1.6518677444784506,0.2025104165077209,0.9792440533638,0.008421559818089,0.0324791111052036,0.0037788187619298,-0.0315628722310066
2024-11-02 12:00:23.430,1730520013.667931,-0.0148704200983047,0.0358781218528747,-0.0130547881126403,-1.3611963922218435,1.5626236941370517,1.6056363264060514,0.2080619782209396,0.9781142473220824,-0.0017004519468173,0.1181630566716194,7.462792564183474e-05,0.0994919762015342
2024-11-02 12:00:22.262,1730520012.500116,-0.002745047211647,-0.0091890096664428,-0.0030921697616577,-1.357814535850885,1.608461759632953,1.6512276980818326,0.2112258672714233,0.9774050116539,0.007959677837789,0.0150447590276598,0.0088606625795364,0.0187834426760673
2024-11-02 12:00:24.618,1730520014.855936,0.0033479332923889,-0.0099347829818725,0.0035599470138549,-1.356294705974364,1.556365401101012,1.599145836704148,0.212838590145111,0.97708261013031,-0.0030716711189597,0.0161455050110816,0.0058648725971579,0.0054746130481362
2024-11-02 12:00:23.031,1730520013.268587,0.0039901733398437,0.0029287338256835,-0.0062048435211181,-1.356364928012179,1.600246726886089,1.643194923294851,0.2126998901367187,0.9770975708961488,0.0062659084796905,0.0020823227241635,0.0143696777522563,0.0147465150803327
2024-11-02 12:00:22.132,1730520012.37019,-0.0054870098829269,-0.0085707306861877,-0.0093743801116943,-1.3600260538574669,1.609779010303772,1.6532901120623802,0.2090545147657394,0.9778700470924376,0.008153636008501,0.0192596800625324,-0.0062884632498025,-0.0007448269752785
2024-11-02 12:00:21.703,1730520011.941039,-0.0093341320753097,-0.0399696826934814,-0.0208741407841444,-1.360155076774712,1.6312599437141535,1.6715242311658258,0.2087054997682571,0.977897047996521,0.012634489685297,-0.0158103443682193,0.0318802297115325,-0.1059764921665191
2024-11-02 12:00:23.001,1730520013.238821,-0.0093374401330947,0.0080606341361999,0.0043332572095096,-1.3569157938628622,1.600923814608126,1.6442036441087502,0.2121572643518448,0.9772146344184875,0.0063936999067664,0.018014496192336,0.0147537048906087,0.0188499130308628
2024-11-02 12:00:22.871,1730520013.108824,0.0100887864828109,0.0060060024261474,0.0161654949188232,-1.358478605028422,1.6034284624268562,1.6473657821626733,0.2106143981218338,0.9775451421737672,0.0068752379156649,0.0191424675285816,-0.0150305554270744,-0.0037093511782586
2024-11-02 12:00:24.529,1730520014.766634,-0.0051124393939971,-0.0046284198760986,-0.0059888358227908,-1.3573898747089246,1.554548131010912,1.597324844148488,0.2117621898651123,0.9773151278495787,-0.0034410564694553,0.0139854317530989,0.0185367260128259,0.0181490220129489
2024-11-02 12:00:23.101,1730520013.338874,0.0015566647052764,-0.0034607052803039,0.0124777555465698,-1.3557015900694558,1.6024903583643473,1.6453329145559914,0.2133328765630722,0.9769561886787416,0.0067636435851454,0.0259499326348304,-0.0056120194494724,0.0074552060104906
2024-11-02 12:00:21.613,1730520011.85114,-0.0022523999214172,-0.0002205967903137,0.0057876128703355,-1.357400253152786,1.6279418972175708,1.6698213143891878,0.2114351540803909,0.9773173332214355,0.012095752172172,-0.0028908785898238,-0.010264029726386,0.0041121398098766
2024-11-02 12:00:23.889,1730520014.127145,-0.0037202686071395,-0.0035092234611511,0.0079008946195244,-1.3559285319495396,1.5479801381355207,1.591714197638609,0.2131623476743698,0.9770045876502992,-0.0048643965274095,0.0029133851639926,-0.0055736703798174,-0.0057787871919572
2024-11-02 12:00:23.929,1730520014.166897,0.0004099011421203,-0.0089776515960693,-0.0096725821495056,-1.356242709614034,1.546205185115325,1.5898788189115165,0.2128469198942184,0.9770715236663818,-0.0052352040074765,-0.0107965366914868,-0.005153689533472,-0.0140507789328694
2024-11-02 12:00:22.662,1730520012.899479,-0.0014752894639968,0.0451654195785522,0.0067343711853027,-1.364846557142336,1.6036821657627425,1.6450538805077382,0.2043866515159607,0.9788671731948853,0.0067238504998385,0.0531003288924694,-0.0623274929821491,0.1150945872068405
2024-11-02 12:00:21.875,1730520012.1125112,-0.0141332894563674,0.0547407865524292,-0.0185227394104003,-1.3648064348005522,1.6098908783957642,1.6520074176735688,0.2043798118829727,0.978859007358551,0.0079942103475332,0.1103036627173423,-0.0175845269113779,0.1137871295213699
2024-11-02 12:00:20.757,1730520010.9954572,-0.0039623975753784,0.0032339096069335,0.0035103568807244,-1.357948733898924,1.621015200284328,1.6634271599203942,0.2109783887863159,0.9774333238601683,0.0106040127575397,-0.0683652460575103,-0.003011709311977,-0.011595663614571
2024-11-02 12:00:24.779,1730520015.0168638,0.0435839593410491,-0.0620787143707275,-0.0204987525939941,-1.3611744680623894,1.55476678676451,1.5956254072649816,0.2080639600753784,0.9781096577644348,-0.0033354551997035,0.0281613916158676,0.0041655097156763,-0.0674041733145713
2024-11-02 12:00:22.642,1730520012.880364,0.01433065533638,0.0253735780715942,0.0045943260192871,-1.3666511879092558,1.6082809091984551,1.6485967572950508,0.2025882601737976,0.9792346358299256,0.0075974953360855,0.028324469923973,-0.0367078855633735,0.0567429661750793
2024-11-02 12:00:21.404,1730520011.641666,-0.0156558603048324,0.0044141411781311,-0.0083159208297729,-1.3597362069109382,1.6199067653573151,1.6622375459343386,0.2092441469430923,0.9778093695640564,0.0102843409404158,0.0243502967059612,-0.016795165836811,0.0071123507805168
2024-11-02 12:00:21.374,1730520011.61148,-0.0014471411705017,-0.0146332383155822,-0.0015753516927361,-1.3598300004886537,1.621624655061532,1.663710856183637,0.2091344892978668,0.9778290390968324,0.0106391198933124,-0.0168158914893865,-0.0044633988291025,-0.0055387830361723
2024-11-02 12:00:20.775,1730520011.012631,-0.0016766488552093,0.0046631097793579,0.0045943260192871,-1.3581170308906134,1.6251779390550067,1.6676907469156177,0.2107678651809692,0.9774689078330994,0.0114732086658477,-0.0296714548021554,0.0071503808721899,-0.0019560325890779
2024-11-02 12:00:22.621,1730520012.859335,-0.0061278790235519,0.0341681838035583,0.0035947561264038,-1.3673022167281554,1.6111575881569848,1.6509271364615072,0.2019286751747131,0.979366421699524,0.0081545244902372,-0.0001635672524571,-0.0337800048291683,0.011332182213664
2024-11-02 12:00:23.949,1730520014.186867,0.0053167343139648,-0.0060582756996154,0.0007381439208984,-1.356650174393771,1.5476473677048057,1.5913770422813276,0.2124567180871963,0.9771581888198853,-0.0049190302379429,-0.0149741442874073,0.0114319445565342,-0.0245059765875339
2024-11-02 12:00:22.302,1730520012.53992,-0.004067838191986,-0.0110304951667785,0.0010132789611816,-1.3576473802882885,1.6084290313602407,1.6508569852714337,0.2113889753818512,0.9773696660995485,0.0079588964581489,0.0026557170785963,0.0049474136903882,0.001471881987527
2024-11-02 12:00:23.470,1730520013.70779,-0.0331936031579971,-0.0401554107666015,-0.0320557951927185,-1.3582064063634836,1.557258625469291,1.59898219035621,0.2109737694263458,0.9774877429008484,-0.0028562743682414,-0.0275431517511606,0.0378963090479373,0.0325713716447353
2024-11-02 12:00:21.813,1730520012.051042,0.0009082853794097,0.0682441592216491,0.010537264868617,-1.369869530587202,1.6538024625116912,1.6946159354957282,0.1988902986049652,0.979882001876831,0.0165471360087394,0.0528309568762779,-0.0572248771786689,0.0298388618975877
2024-11-02 12:00:21.923,1730520012.1605449,-0.022183358669281,-0.0594781637191772,-0.0159889459609985,-1.3612896432360055,1.6010171874818837,1.6428477689938443,0.2078828364610672,0.9781336188316344,0.0062843118794262,-0.001565566053614,0.0062672765925526,0.0465475879609584
2024-11-02 12:00:22.901,1730520013.138997,-0.0043281316757202,0.0088957548141479,-0.0175243616104125,-1.358161063424194,1.5972971846882196,1.64114212414162,0.2109626233577728,0.9774781465530396,0.0055919997394084,0.0497876219451427,0.0103203412145376,0.0160092785954475
2024-11-02 12:00:24.338,1730520014.576458,0.000684380531311,-0.0123566389083862,0.0148942470550537,-1.3580024769513015,1.555832066732683,1.5984895203285625,0.2111686468124389,0.9774447083473206,-0.0031602184753865,-0.0519572086632251,-0.0514535419642925,-0.0087503427639603
