Date,TimeStamp,GravityX,GravityY,GravityZ,UserAccelerationX,UserAccelerationY,UserAccelerationZ,RotationRateX,RotationRateY,RotationRateZ,AttitudeRoll,AttitudePitch,AttitudeYaw
2024-10-15 13:34:14.036,73205.473,-0.012,0.095,-0.995,0.012,-0.003,0.006,0.032,0.007,-0.005,-0.012,-0.095,0.866
2024-10-15 13:34:14.142,73205.592,-0.011,0.092,-0.996,0.001,-0.006,0.002,-0.012,0.011,-0.002,-0.011,-0.093,0.863
2024-10-15 13:34:14.262,73205.712,-0.012,0.094,-0.996,-0.002,-0.001,0.007,0.036,0.002,0.0,-0.012,-0.094,0.864
2024-10-15 13:34:14.382,73205.832,-0.01,0.098,-0.995,0.002,-0.0,0.012,-0.04,-0.067,0.076,-0.01,-0.098,0.861
2024-10-15 13:34:14.501,73205.952,-0.01,0.097,-0.995,0.003,-0.003,0.005,-0.02,-0.003,-0.01,-0.01,-0.097,0.861
2024-10-15 13:34:14.622,73206.072,-0.009,0.099,-0.995,0.0,0.007,0.007,-0.016,0.007,-0.011,-0.009,-0.099,0.861
2024-10-15 13:34:14.741,73206.191,-0.006,0.096,-0.995,0.003,-0.023,0.002,0.019,0.046,0.019,-0.007,-0.096,0.862
2024-10-15 13:34:14.861,73206.311,0.006,0.079,-0.997,-0.014,0.002,-0.04,0.25,0.196,0.15,0.006,-0.079,0.869
2024-10-15 13:34:14.981,73206.431,0.047,0.041,-0.998,0.009,0.023,-0.054,0.11,0.546,0.355,0.048,-0.041,0.899
2024-10-15 13:34:15.101,73206.551,0.101,-0.011,-0.995,-0.0,0.006,0.086,0.291,0.159,0.224,0.101,0.011,0.93
2024-10-15 13:34:15.221,73206.671,0.104,-0.019,-0.994,-0.005,-0.023,0.018,-0.001,-0.033,0.171,0.104,0.019,0.954
2024-10-15 13:34:15.340,73206.79,0.102,-0.015,-0.995,0.016,-0.026,-0.001,-0.12,-0.012,0.016,0.103,0.015,0.964
2024-10-15 13:34:15.461,73206.91,0.099,-0.004,-0.995,0.007,-0.0,0.021,-0.081,-0.078,0.033,0.099,0.004,0.969
2024-10-15 13:34:15.580,73207.03,0.094,0.027,-0.995,0.004,0.024,-0.008,-0.139,-0.004,0.112,0.094,-0.027,0.982
2024-10-15 13:34:15.700,73207.15,0.088,0.052,-0.995,-0.022,0.008,-0.018,0.048,-0.049,0.082,0.088,-0.052,0.996
2024-10-15 13:34:15.820,73207.27,0.081,0.053,-0.995,-0.005,0.005,0.003,0.021,-0.042,0.066,0.082,-0.053,1.007
2024-10-15 13:34:15.939,73207.389,0.078,0.057,-0.995,-0.023,0.005,-0.003,-0.019,-0.049,0.01,0.078,-0.057,1.01
2024-10-15 13:34:16.059,73207.509,0.077,0.056,-0.995,0.006,-0.014,0.018,-0.027,-0.036,-0.004,0.077,-0.056,1.013
2024-10-15 13:34:16.178,73207.629,0.075,0.059,-0.995,-0.005,0.004,0.001,0.015,0.031,-0.002,0.075,-0.059,1.014
2024-10-15 13:34:16.298,73207.749,0.073,0.057,-0.996,-0.003,-0.007,0.02,-0.014,-0.039,0.011,0.074,-0.057,1.015
2024-10-15 13:34:16.419,73207.869,0.066,0.056,-0.996,-0.001,-0.009,0.002,0.034,-0.069,-0.011,0.066,-0.056,1.014
2024-10-15 13:34:16.538,73207.988,0.061,0.055,-0.997,0.002,0.013,-0.003,-0.034,0.0,0.052,0.061,-0.055,1.015
2024-10-15 13:34:16.658,73208.108,0.061,0.058,-0.996,0.005,-0.018,0.015,-0.067,-0.061,0.004,0.061,-0.058,1.021
2024-10-15 13:34:16.778,73208.228,0.056,0.057,-0.997,-0.006,0.003,0.002,0.025,-0.015,0.003,0.057,-0.057,1.021
2024-10-15 13:34:16.897,73208.348,0.057,0.055,-0.997,-0.002,0.009,0.005,0.031,0.014,0.062,0.057,-0.055,1.025
2024-10-15 13:34:17.018,73208.467,0.061,0.055,-0.997,-0.01,-0.008,-0.005,-0.038,0.041,0.044,0.061,-0.055,1.032
2024-10-15 13:34:17.137,73208.587,0.076,0.073,-0.994,-0.072,-0.117,-0.078,-0.149,0.276,-0.384,0.076,-0.073,1.021
2024-10-15 13:34:17.257,73208.707,0.116,0.232,-0.966,-0.07,-0.03,0.014,-1.876,0.462,-0.642,0.119,-0.234,0.968
2024-10-15 13:34:17.376,73208.827,0.118,0.399,-0.91,0.012,0.0,-0.002,-0.947,-0.286,-0.302,0.129,-0.41,0.928
2024-10-15 13:34:17.497,73208.947,0.069,0.454,-0.888,0.016,-0.007,0.072,-0.514,-0.29,-0.278,0.077,-0.471,0.922
2024-10-15 13:34:17.616,73209.066,0.029,0.513,-0.858,0.092,0.047,0.091,-0.278,-0.438,-0.017,0.034,-0.539,0.909
2024-10-15 13:34:17.736,73209.186,0.004,0.446,-0.895,0.087,-0.008,-0.046,0.95,-0.078,0.046,0.005,-0.462,0.908
2024-10-15 13:34:17.856,73209.306,-0.001,0.384,-0.923,-0.009,-0.014,-0.06,0.0,-0.096,0.053,-0.001,-0.394,0.915
2024-10-15 13:34:17.975,73209.426,-0.006,0.334,-0.943,-0.02,0.059,0.036,1.336,0.009,-0.04,-0.006,-0.341,0.916
2024-10-15 13:34:18.095,73209.546,-0.016,0.219,-0.976,-0.025,0.031,-0.04,-0.014,-0.096,0.119,-0.016,-0.22,0.917
2024-10-15 13:34:18.216,73209.665,-0.022,0.25,-0.968,0.066,-0.083,-0.054,0.167,0.059,0.121,-0.023,-0.253,0.956
2024-10-15 13:34:18.335,73209.785,-0.018,0.169,-0.986,-0.017,0.004,-0.086,0.167,-0.065,-0.09,-0.018,-0.169,0.946
2024-10-15 13:34:18.455,73209.905,-0.035,0.22,-0.975,0.02,-0.02,-0.089,0.644,-0.215,0.494,-0.036,-0.222,1.014
2024-10-15 13:34:18.574,73210.025,-0.028,0.166,-0.986,0.023,-0.022,-0.106,-0.238,0.231,-0.598,-0.029,-0.167,0.994
2024-10-15 13:34:18.694,73210.145,-0.034,0.217,-0.976,0.045,-0.15,0.113,0.115,-0.189,0.317,-0.035,-0.219,1.036
2024-10-15 13:34:18.815,73210.264,-0.031,0.234,-0.972,-0.171,0.448,-0.072,-0.615,0.11,0.299,-0.032,-0.236,1.014
2024-10-15 13:34:18.934,73210.384,-0.028,0.227,-0.973,0.302,-0.531,0.027,-0.156,-0.0,-0.424,-0.029,-0.229,1.045
2024-10-15 13:34:19.053,73210.504,-0.023,0.244,-0.97,-0.344,0.577,0.027,0.488,-0.025,0.557,-0.024,-0.246,1.024
2024-10-15 13:34:19.174,73210.624,-0.033,0.233,-0.972,0.166,-0.071,-0.059,-0.352,0.19,-0.498,-0.034,-0.235,1.035
2024-10-15 13:34:19.293,73210.743,-0.021,0.232,-0.972,-0.051,-0.363,-0.09,-0.553,-0.259,0.518,-0.021,-0.235,1.046
2024-10-15 13:34:19.413,73210.863,-0.024,0.211,-0.977,0.044,0.449,-0.1,-0.062,0.24,-0.408,-0.025,-0.213,1.02
2024-10-15 13:34:19.533,73210.983,-0.021,0.203,-0.979,0.1,-0.542,-0.079,0.385,-0.022,-0.17,-0.021,-0.205,1.072
2024-10-15 13:34:19.653,73211.103,-0.018,0.212,-0.977,-0.31,1.007,0.023,0.609,0.008,0.67,-0.019,-0.213,1.028
2024-10-15 13:34:19.773,73211.223,-0.025,0.2,-0.98,0.258,-0.874,-0.002,-0.77,-0.046,-0.778,-0.025,-0.201,1.069
2024-10-15 13:34:19.892,73211.342,-0.017,0.185,-0.983,-0.117,-0.001,-0.058,-0.156,-0.23,0.838,-0.017,-0.186,1.063
2024-10-15 13:34:20.012,73211.462,-0.027,0.201,-0.979,-0.059,0.669,-0.126,1.012,0.48,-0.763,-0.027,-0.203,1.042
2024-10-15 13:34:20.132,73211.582,-0.018,0.184,-0.983,-0.007,-0.188,0.103,0.544,-0.085,0.2,-0.018,-0.185,1.085
2024-10-15 13:34:20.252,73211.702,-0.02,0.201,-0.979,-0.131,0.71,0.181,-0.102,-0.113,0.523,-0.021,-0.203,1.028
2024-10-15 13:34:20.371,73211.822,-0.022,0.164,-0.986,0.225,-0.844,0.033,-0.925,-0.082,-0.741,-0.022,-0.165,1.071
2024-10-15 13:34:20.491,73211.941,-0.011,0.151,-0.988,0.004,-0.341,0.027,-0.506,-0.189,0.618,-0.011,-0.152,1.076
2024-10-15 13:34:20.611,73212.061,-0.014,0.16,-0.987,0.112,0.391,-0.07,-0.409,0.15,-0.382,-0.014,-0.161,1.043
2024-10-15 13:34:20.731,73212.181,-0.01,0.16,-0.987,0.128,-0.614,-0.053,-0.098,-0.05,-0.307,-0.01,-0.161,1.077
2024-10-15 13:34:20.851,73212.301,-0.004,0.167,-0.986,-0.267,0.484,-0.242,0.414,0.04,0.595,-0.004,-0.168,1.069
2024-10-15 13:34:20.970,73212.421,-0.006,0.167,-0.986,0.082,0.137,0.08,0.289,0.181,-0.571,-0.006,-0.168,1.072
2024-10-15 13:34:21.090,73212.54,0.001,0.151,-0.989,-0.009,-0.45,-0.153,0.259,0.086,-0.229,0.001,-0.152,1.098
2024-10-15 13:34:21.210,73212.66,0.013,0.193,-0.981,-0.122,-0.155,0.114,-1.072,0.393,-0.039,0.014,-0.194,1.076
2024-10-15 13:34:21.329,73212.78,0.012,0.216,-0.976,0.235,-0.339,0.137,0.616,-1.007,-0.268,0.012,-0.218,1.087
2024-10-15 13:34:21.450,73212.9,-0.002,0.216,-0.976,-0.033,-0.307,-0.029,-0.195,0.118,-0.301,-0.002,-0.217,1.089
2024-10-15 13:34:21.570,73213.02,0.0,0.188,-0.982,0.067,-0.34,0.283,0.471,-0.062,0.107,0.0,-0.189,1.119
2024-10-15 13:34:21.689,73213.139,0.004,0.168,-0.986,-0.242,0.57,-0.165,-0.317,0.014,0.391,0.004,-0.169,1.088
2024-10-15 13:34:21.809,73213.259,-0.004,0.181,-0.984,0.158,-0.31,0.032,-0.212,-0.022,-0.479,-0.004,-0.182,1.102
2024-10-15 13:34:21.929,73213.379,0.005,0.179,-0.984,-0.023,-0.14,0.075,-0.428,-0.271,0.722,0.005,-0.179,1.113
2024-10-15 13:34:22.049,73213.499,0.0,0.156,-0.988,0.157,0.38,-0.165,-0.005,0.206,-0.651,0.0,-0.157,1.083
2024-10-15 13:34:22.168,73213.618,-0.001,0.157,-0.988,0.035,-0.342,0.124,0.361,-0.114,0.318,-0.001,-0.158,1.137
2024-10-15 13:34:22.288,73213.738,-0.003,0.184,-0.983,-0.178,0.821,0.06,-0.044,-0.038,0.4,-0.003,-0.185,1.077
2024-10-15 13:34:22.408,73213.858,-0.003,0.159,-0.987,0.213,-0.888,-0.035,-0.598,-0.055,-0.711,-0.003,-0.16,1.13
2024-10-15 13:34:22.527,73213.978,0.004,0.165,-0.986,-0.182,0.582,-0.027,0.811,-0.014,0.853,0.004,-0.166,1.099
2024-10-15 13:34:22.648,73214.098,-0.005,0.182,-0.983,-0.023,0.355,-0.032,0.681,0.379,-0.728,-0.005,-0.183,1.099
2024-10-15 13:34:22.767,73214.217,0.002,0.167,-0.986,-0.051,-0.129,0.366,0.631,-0.163,0.58,0.002,-0.168,1.127
2024-10-15 13:34:22.887,73214.337,0.002,0.191,-0.982,-0.063,0.276,0.008,-0.653,-0.039,-0.056,0.002,-0.193,1.062
2024-10-15 13:34:23.007,73214.457,-0.002,0.177,-0.984,0.123,-0.973,-0.023,-0.263,-0.017,-0.578,-0.002,-0.177,1.112
2024-10-15 13:34:23.127,73214.577,0.003,0.18,-0.984,-0.087,0.319,0.013,0.415,-0.103,0.739,0.003,-0.181,1.091
2024-10-15 13:34:23.246,73214.697,-0.006,0.194,-0.981,0.006,0.307,-0.072,0.797,0.425,-0.768,-0.006,-0.195,1.074
2024-10-15 13:34:23.366,73214.816,0.0,0.162,-0.987,0.005,-0.359,0.082,0.488,-0.043,0.105,0.0,-0.163,1.099
2024-10-15 13:34:23.485,73214.936,0.0,0.179,-0.984,0.083,-0.402,0.057,-0.046,0.008,-0.042,0.0,-0.18,1.09
2024-10-15 13:34:23.606,73215.056,-0.002,0.173,-0.985,0.091,-0.496,0.046,-0.326,0.035,-0.371,-0.002,-0.174,1.097
2024-10-15 13:34:23.726,73215.176,-0.004,0.186,-0.983,-0.106,-0.056,-0.024,-0.49,0.184,-0.042,-0.004,-0.187,1.089
2024-10-15 13:34:23.846,73215.296,0.037,0.408,-0.912,0.039,0.119,0.013,-1.293,0.619,-0.314,0.041,-0.421,1.067
2024-10-15 13:34:23.965,73215.415,0.041,0.413,-0.91,0.057,-0.016,0.143,0.234,-0.251,-0.109,0.045,-0.426,1.041
2024-10-15 13:34:24.085,73215.535,0.032,0.362,-0.932,0.008,0.058,-0.032,0.738,0.036,0.288,0.035,-0.37,1.068
2024-10-15 13:34:24.205,73215.655,0.04,0.32,-0.946,0.003,0.086,0.091,0.662,-0.228,0.253,0.042,-0.326,1.09
2024-10-15 13:34:24.325,73215.775,0.01,0.231,-0.973,-0.14,-0.108,-0.251,-0.426,-0.066,0.197,0.011,-0.233,1.103
2024-10-15 13:34:24.445,73215.895,0.008,0.227,-0.974,-0.034,0.034,0.007,0.658,0.09,-0.327,0.008,-0.229,1.099
2024-10-15 13:34:24.564,73216.014,0.002,0.249,-0.968,-0.002,0.016,0.081,0.601,-0.201,0.462,0.002,-0.252,1.129
2024-10-15 13:34:24.684,73216.134,0.002,0.247,-0.969,-0.009,0.054,-0.061,-0.588,0.001,-0.245,0.002,-0.25,1.092
2024-10-15 13:34:24.804,73216.254,-0.001,0.247,-0.969,0.101,-0.454,0.024,0.365,0.037,-0.151,-0.001,-0.25,1.14
2024-10-15 13:34:24.924,73216.374,-0.002,0.263,-0.965,-0.181,0.676,0.098,0.165,-0.09,0.474,-0.002,-0.267,1.096
2024-10-15 13:34:25.044,73216.493,-0.004,0.234,-0.972,0.199,-0.658,0.019,-0.26,0.012,-0.525,-0.004,-0.236,1.132
2024-10-15 13:34:25.163,73216.613,0.002,0.235,-0.972,-0.182,0.48,-0.084,0.66,0.008,0.693,0.002,-0.237,1.112
2024-10-15 13:34:25.283,73216.733,-0.006,0.25,-0.968,0.051,-0.344,-0.037,-1.058,0.168,-0.64,-0.006,-0.253,1.127
2024-10-15 13:34:25.403,73216.853,0.005,0.219,-0.976,-0.012,-0.139,-0.099,-0.676,-0.288,0.707,0.005,-0.221,1.126
2024-10-15 13:34:25.522,73216.973,-0.001,0.241,-0.971,-0.028,0.483,-0.048,1.281,0.467,-0.709,-0.001,-0.243,1.106
2024-10-15 13:34:25.642,73217.092,0.002,0.227,-0.974,-0.081,-0.086,0.312,0.467,-0.215,0.638,0.002,-0.229,1.143
2024-10-15 13:34:25.763,73217.212,-0.0,0.227,-0.974,0.072,0.273,-0.018,-0.345,0.091,-0.362,-0.0,-0.229,1.098
2024-10-15 13:34:25.882,73217.332,-0.0,0.201,-0.98,0.065,-0.78,-0.099,0.105,-0.002,-0.356,-0.0,-0.202,1.15
2024-10-15 13:34:26.002,73217.452,0.002,0.23,-0.973,-0.163,0.92,0.115,0.489,-0.044,0.569,0.002,-0.232,1.095
2024-10-15 13:34:26.121,73217.572,-0.002,0.22,-0.975,0.093,-0.258,0.021,-0.639,0.081,-0.619,-0.002,-0.222,1.105
2024-10-15 13:34:26.241,73217.691,0.005,0.21,-0.978,-0.065,-0.417,0.188,-0.498,-0.231,0.432,0.005,-0.211,1.115
2024-10-15 13:34:26.361,73217.811,0.025,0.255,-0.967,0.033,-0.135,0.015,-0.623,0.67,-0.382,0.026,-0.258,1.083
2024-10-15 13:34:26.481,73217.931,0.096,0.308,-0.946,0.025,-0.03,0.079,-0.66,0.374,-0.266,0.101,-0.314,1.047
2024-10-15 13:34:26.601,73218.051,0.082,0.342,-0.936,0.022,0.114,0.058,-0.25,-0.301,0.113,0.088,-0.349,1.033
2024-10-15 13:34:26.720,73218.171,0.059,0.328,-0.943,0.029,-0.042,-0.032,0.093,-0.295,0.363,0.062,-0.334,1.08
2024-10-15 13:34:26.840,73218.29,0.044,0.28,-0.959,0.015,-0.074,0.007,0.242,-0.161,0.044,0.046,-0.284,1.101
2024-10-15 13:34:26.960,73218.41,0.021,0.226,-0.974,-0.128,0.001,-0.269,-0.584,-0.169,0.241,0.022,-0.228,1.103
2024-10-15 13:34:27.079,73218.53,0.014,0.238,-0.971,0.006,-0.069,0.004,0.151,0.069,-0.335,0.014,-0.24,1.107
2024-10-15 13:34:27.200,73218.65,0.013,0.226,-0.974,-0.066,-0.02,-0.044,-0.302,-0.14,0.428,0.014,-0.228,1.113
2024-10-15 13:34:27.319,73218.77,0.007,0.246,-0.969,-0.047,0.169,-0.124,0.04,0.177,-0.391,0.008,-0.249,1.103
2024-10-15 13:34:27.439,73218.889,0.009,0.231,-0.973,-0.002,-0.096,0.338,-0.161,-0.276,0.598,0.01,-0.233,1.132
2024-10-15 13:34:27.559,73219.009,0.007,0.224,-0.975,0.112,0.279,-0.016,0.489,0.252,-0.646,0.007,-0.226,1.093
2024-10-15 13:34:27.679,73219.129,0.005,0.233,-0.972,0.011,-0.004,0.129,0.381,-0.126,0.389,0.006,-0.235,1.134
2024-10-15 13:34:27.799,73219.249,0.005,0.226,-0.974,0.025,-0.035,0.112,-0.453,-0.007,-0.353,0.005,-0.228,1.077
2024-10-15 13:34:27.918,73219.368,0.004,0.212,-0.977,0.033,-0.214,0.078,0.428,-0.041,0.119,0.004,-0.214,1.127
2024-10-15 13:34:28.038,73219.488,0.005,0.224,-0.974,-0.091,0.043,0.074,-0.742,-0.095,-0.053,0.005,-0.226,1.066
2024-10-15 13:34:28.158,73219.608,0.006,0.199,-0.98,0.12,-0.591,-0.034,0.349,0.003,-0.266,0.006,-0.2,1.114
2024-10-15 13:34:28.278,73219.728,0.004,0.216,-0.976,-0.324,0.9,0.041,0.481,0.0,0.692,0.004,-0.218,1.075
2024-10-15 13:34:28.398,73219.848,0.004,0.194,-0.981,0.162,-0.898,-0.093,-1.601,-0.031,-0.756,0.004,-0.195,1.119
2024-10-15 13:34:28.517,73219.967,0.008,0.185,-0.983,-0.08,0.331,0.005,0.722,0.042,0.587,0.008,-0.186,1.097
2024-10-15 13:34:28.637,73220.087,0.001,0.217,-0.976,-0.048,0.114,-0.169,-0.035,0.204,-0.712,0.001,-0.219,1.081
2024-10-15 13:34:28.757,73220.207,0.014,0.203,-0.979,-0.01,-0.461,-0.056,-0.878,0.286,-0.353,0.015,-0.204,1.073
2024-10-15 13:34:28.877,73220.327,0.049,0.27,-0.961,0.004,-0.008,-0.044,-0.808,0.644,-0.293,0.051,-0.274,1.042
2024-10-15 13:34:28.997,73220.447,0.099,0.288,-0.952,0.039,0.004,0.146,-0.312,0.077,-0.019,0.104,-0.293,1.02
2024-10-15 13:34:29.116,73220.566,0.079,0.292,-0.953,-0.01,-0.034,-0.016,-0.278,-0.235,0.075,0.083,-0.296,1.026
2024-10-15 13:34:29.235,73220.686,0.069,0.304,-0.95,0.037,-0.018,-0.014,-0.094,-0.055,0.103,0.072,-0.309,1.039
2024-10-15 13:34:29.356,73220.806,0.061,0.303,-0.951,0.022,0.029,0.027,0.131,-0.229,0.284,0.064,-0.308,1.062
2024-10-15 13:34:29.476,73220.926,0.048,0.256,-0.965,0.017,-0.051,-0.014,0.735,-0.089,0.101,0.05,-0.259,1.086
2024-10-15 13:34:29.595,73221.046,0.022,0.212,-0.977,-0.171,0.16,-0.229,-0.598,-0.172,0.362,0.022,-0.214,1.09
2024-10-15 13:34:29.715,73221.165,0.013,0.23,-0.973,-0.03,0.033,-0.103,-0.062,0.129,-0.406,0.013,-0.232,1.087
2024-10-15 13:34:29.835,73221.285,0.011,0.229,-0.973,-0.039,0.003,-0.015,-0.04,-0.222,0.558,0.011,-0.231,1.104
2024-10-15 13:34:29.955,73221.405,0.012,0.222,-0.975,0.119,0.27,-0.101,0.73,0.279,-0.494,0.012,-0.223,1.079
2024-10-15 13:34:30.075,73221.525,0.007,0.229,-0.973,0.105,-0.189,0.28,0.245,-0.24,0.598,0.007,-0.231,1.114
2024-10-15 13:34:30.195,73221.645,0.009,0.229,-0.974,0.02,0.219,-0.022,-0.125,0.033,-0.263,0.009,-0.231,1.068
2024-10-15 13:34:30.314,73221.764,0.007,0.227,-0.974,0.063,-0.482,-0.075,0.25,0.023,-0.105,0.007,-0.229,1.119
2024-10-15 13:34:30.434,73221.884,0.007,0.246,-0.969,-0.203,0.646,0.059,-0.332,-0.157,0.44,0.007,-0.248,1.063
2024-10-15 13:34:30.553,73222.004,0.001,0.217,-0.976,0.113,-0.782,-0.043,-1.229,-0.001,-0.675,0.001,-0.219,1.104
2024-10-15 13:34:30.674,73222.124,0.008,0.22,-0.975,-0.172,0.532,-0.078,0.893,0.025,0.64,0.008,-0.222,1.083
2024-10-15 13:34:30.793,73222.243,-0.0,0.245,-0.97,-0.048,0.24,-0.121,0.4,0.344,-0.724,-0.0,-0.247,1.071
2024-10-15 13:34:30.913,73222.363,0.003,0.225,-0.974,-0.015,-0.371,0.16,0.13,-0.198,0.503,0.003,-0.227,1.09
2024-10-15 13:34:31.033,73222.483,0.002,0.241,-0.97,-0.044,0.5,-0.156,-0.258,0.083,-0.13,0.002,-0.244,1.047
2024-10-15 13:34:31.152,73222.603,0.006,0.267,-0.964,0.072,-0.391,-0.019,-1.042,0.195,-0.305,0.006,-0.27,1.063
2024-10-15 13:34:31.272,73222.723,0.053,0.303,-0.952,0.005,0.142,-0.029,-0.164,0.559,-0.149,0.056,-0.307,1.021
2024-10-15 13:34:31.392,73222.842,0.054,0.302,-0.952,0.034,0.006,0.101,-0.028,-0.341,0.113,0.057,-0.306,1.032
2024-10-15 13:34:31.512,73222.962,0.042,0.279,-0.959,-0.003,0.028,-0.041,-0.008,-0.021,0.3,0.044,-0.282,1.056
2024-10-15 13:34:31.632,73223.082,0.04,0.258,-0.965,-0.038,0.006,0.088,0.429,-0.162,0.261,0.042,-0.261,1.092
2024-10-15 13:34:31.752,73223.202,0.018,0.235,-0.972,0.012,-0.05,-0.123,-0.619,-0.173,0.212,0.018,-0.237,1.115
2024-10-15 13:34:31.871,73223.322,0.012,0.223,-0.975,-0.129,0.174,-0.254,-0.426,-0.055,-0.1,0.012,-0.224,1.092
2024-10-15 13:34:31.991,73223.441,0.009,0.223,-0.975,0.176,-0.776,-0.151,-0.203,0.019,-0.398,0.009,-0.225,1.133
2024-10-15 13:34:32.111,73223.561,0.008,0.232,-0.973,-0.213,0.566,0.1,-0.22,-0.148,0.479,0.008,-0.234,1.086
2024-10-15 13:34:32.231,73223.681,0.006,0.227,-0.974,0.137,-0.804,-0.114,-0.965,0.004,-0.673,0.006,-0.229,1.116
2024-10-15 13:34:32.351,73223.801,0.01,0.222,-0.975,-0.125,0.389,-0.062,0.038,-0.19,0.754,0.01,-0.224,1.101
2024-10-15 13:34:32.470,73223.921,0.001,0.255,-0.967,-0.013,-0.019,-0.101,-0.054,0.28,-0.833,0.001,-0.258,1.096
2024-10-15 13:34:32.590,73224.04,0.005,0.225,-0.974,-0.037,-0.254,0.371,-0.223,-0.372,0.921,0.005,-0.227,1.118
2024-10-15 13:34:32.710,73224.16,0.005,0.233,-0.973,0.079,0.566,-0.09,1.287,0.45,-0.828,0.005,-0.235,1.081
2024-10-15 13:34:32.830,73224.28,0.005,0.221,-0.975,-0.026,-0.079,0.187,0.536,-0.193,0.733,0.005,-0.223,1.12
2024-10-15 13:34:32.949,73224.4,0.006,0.24,-0.971,0.102,0.066,-0.117,-0.091,0.336,-0.962,0.006,-0.242,1.06
2024-10-15 13:34:33.069,73224.52,0.003,0.215,-0.977,0.001,-0.202,0.011,0.409,-0.052,0.4,0.003,-0.216,1.12
2024-10-15 13:34:33.189,73224.639,0.005,0.248,-0.969,-0.109,0.179,0.028,-0.105,-0.048,-0.016,0.005,-0.25,1.052
2024-10-15 13:34:33.309,73224.759,0.005,0.219,-0.976,0.075,-0.867,-0.138,-0.308,0.089,-0.539,0.005,-0.22,1.103
2024-10-15 13:34:33.429,73224.879,0.022,0.262,-0.965,-0.011,-0.219,0.161,-0.835,0.479,-0.374,0.022,-0.265,1.052
2024-10-15 13:34:33.548,73224.999,0.066,0.357,-0.932,0.081,-0.017,-0.015,-0.437,0.202,-0.168,0.071,-0.365,1.029
2024-10-15 13:34:33.668,73225.119,0.064,0.429,-0.901,-0.003,0.026,-0.002,-0.476,-0.019,-0.033,0.07,-0.443,1.02
2024-10-15 13:34:33.788,73225.238,0.051,0.474,-0.879,-0.003,0.038,0.032,0.129,-0.176,-0.098,0.058,-0.494,1.024
2024-10-15 13:34:33.908,73225.358,0.038,0.451,-0.892,0.04,-0.058,0.063,0.081,-0.233,0.129,0.043,-0.468,1.032
2024-10-15 13:34:34.027,73225.478,0.006,0.439,-0.898,-0.075,0.057,0.018,0.336,-0.388,0.065,0.007,-0.455,1.039
2024-10-15 13:34:34.148,73225.598,-0.019,0.385,-0.923,-0.04,0.022,-0.019,0.678,-0.109,0.011,-0.02,-0.395,1.043
2024-10-15 13:34:34.267,73225.717,-0.022,0.345,-0.938,0.004,0.105,-0.07,0.071,-0.28,0.473,-0.023,-0.353,1.061
2024-10-15 13:34:34.387,73225.837,-0.024,0.285,-0.958,-0.082,0.076,0.074,0.294,0.098,-0.257,-0.025,-0.289,1.056
2024-10-15 13:34:34.507,73225.957,-0.019,0.271,-0.962,0.083,-0.29,0.028,0.642,0.037,-0.006,-0.019,-0.274,1.083
2024-10-15 13:34:34.626,73226.077,-0.014,0.269,-0.963,-0.173,0.462,0.006,-0.204,0.026,0.388,-0.015,-0.273,1.043
2024-10-15 13:34:34.746,73226.197,-0.01,0.228,-0.974,0.225,-0.739,-0.047,0.072,-0.033,-0.538,-0.01,-0.23,1.09
2024-10-15 13:34:34.866,73226.316,-0.005,0.231,-0.973,-0.371,0.726,0.003,0.636,0.009,0.562,-0.005,-0.233,1.045
2024-10-15 13:34:34.986,73226.436,-0.009,0.206,-0.978,0.281,-0.794,0.016,-0.689,-0.113,-0.592,-0.009,-0.208,1.081
2024-10-15 13:34:35.107,73226.556,-0.005,0.212,-0.977,-0.39,0.843,-0.032,1.252,0.071,0.707,-0.005,-0.214,1.044
2024-10-15 13:34:35.226,73226.676,-0.01,0.195,-0.981,0.265,-0.917,-0.129,-1.154,-0.062,-0.754,-0.01,-0.196,1.082
2024-10-15 13:34:35.346,73226.796,-0.004,0.204,-0.979,-0.281,0.694,-0.024,1.013,0.068,0.671,-0.004,-0.205,1.045
2024-10-15 13:34:35.465,73226.915,-0.013,0.211,-0.977,0.224,-0.843,-0.135,-1.257,-0.035,-0.763,-0.013,-0.213,1.072
2024-10-15 13:34:35.585,73227.035,-0.003,0.199,-0.98,-0.187,0.388,-0.109,0.782,0.033,0.685,-0.003,-0.2,1.052
2024-10-15 13:34:35.705,73227.155,-0.017,0.237,-0.971,0.065,-0.32,-0.117,-1.096,0.057,-0.619,-0.018,-0.239,1.062
2024-10-15 13:34:35.825,73227.275,-0.004,0.194,-0.981,-0.142,0.08,-0.101,0.262,-0.09,0.815,-0.004,-0.195,1.058
2024-10-15 13:34:35.945,73227.395,-0.019,0.241,-0.97,-0.002,-0.126,-0.099,-0.795,0.071,-0.602,-0.019,-0.243,1.067
2024-10-15 13:34:36.064,73227.514,-0.002,0.188,-0.982,-0.031,-0.105,-0.06,-0.196,-0.185,0.809,-0.002,-0.189,1.071
2024-10-15 13:34:36.184,73227.634,-0.017,0.232,-0.973,0.004,-0.043,-0.165,-0.687,0.152,-0.672,-0.018,-0.234,1.07
2024-10-15 13:34:36.304,73227.754,-0.002,0.184,-0.983,0.103,-0.328,0.017,-0.72,-0.169,0.678,-0.002,-0.185,1.083
2024-10-15 13:34:36.423,73227.874,-0.014,0.218,-0.976,-0.054,0.468,-0.046,0.979,0.331,-0.712,-0.015,-0.219,1.063
2024-10-15 13:34:36.544,73227.994,0.0,0.19,-0.982,0.02,-0.514,0.251,-0.076,-0.204,0.624,0.0,-0.191,1.089
2024-10-15 13:34:36.663,73228.113,-0.008,0.206,-0.978,0.062,0.507,0.05,0.706,0.292,-0.686,-0.008,-0.208,1.051
2024-10-15 13:34:36.783,73228.233,0.003,0.172,-0.985,-0.03,-0.008,-0.021,0.601,-0.051,0.405,0.003,-0.173,1.101
2024-10-15 13:34:36.903,73228.353,-0.005,0.198,-0.98,0.093,-0.104,0.152,-0.621,0.122,-0.611,-0.005,-0.2,1.039
2024-10-15 13:34:37.023,73228.473,-0.0,0.177,-0.984,0.032,-0.504,-0.036,0.025,-0.082,0.102,-0.0,-0.178,1.096
2024-10-15 13:34:37.142,73228.592,-0.007,0.216,-0.976,-0.051,0.155,0.109,-0.539,0.033,-0.119,-0.007,-0.218,1.03
2024-10-15 13:34:37.262,73228.712,-0.005,0.191,-0.982,0.113,-0.753,-0.031,-0.158,-0.099,-0.267,-0.005,-0.192,1.084
2024-10-15 13:34:37.382,73228.832,-0.008,0.224,-0.975,-0.299,0.911,0.052,0.677,0.056,0.561,-0.008,-0.226,1.04
2024-10-15 13:34:37.501,73228.952,-0.01,0.219,-0.976,0.124,-0.42,-0.016,-0.713,-0.02,-0.533,-0.01,-0.221,1.063
2024-10-15 13:34:37.621,73229.072,0.002,0.213,-0.977,-0.261,0.637,0.033,1.075,0.042,0.698,0.002,-0.215,1.046
2024-10-15 13:34:37.741,73229.191,-0.011,0.242,-0.97,-0.061,0.359,-0.096,-0.432,0.127,-0.357,-0.011,-0.244,1.039
2024-10-15 13:34:37.861,73229.311,0.073,0.28,-0.957,-0.056,0.134,-0.144,-0.462,1.082,-0.455,0.076,-0.284,0.977
2024-10-15 13:34:37.981,73229.431,0.097,0.34,-0.935,0.025,0.101,0.157,-0.072,-0.4,0.107,0.104,-0.347,0.977
2024-10-15 13:34:38.101,73229.551,0.053,0.367,-0.929,-0.007,-0.004,0.028,0.088,-0.45,0.205,0.056,-0.376,1.008
2024-10-15 13:34:38.220,73229.671,0.025,0.338,-0.941,0.004,0.029,-0.107,0.615,-0.146,0.321,0.027,-0.345,1.042
2024-10-15 13:34:38.340,73229.79,0.015,0.282,-0.959,-0.03,-0.024,0.077,0.252,-0.364,0.031,0.016,-0.286,1.06
2024-10-15 13:34:38.460,73229.91,0.002,0.267,-0.964,0.181,-0.432,0.268,0.497,-0.003,-0.316,0.002,-0.27,1.083
2024-10-15 13:34:38.580,73230.03,0.004,0.245,-0.97,-0.106,0.312,0.161,0.516,-0.079,0.562,0.004,-0.248,1.073
2024-10-15 13:34:38.700,73230.15,-0.005,0.244,-0.97,-0.029,-0.016,0.005,-0.511,0.064,-0.405,-0.005,-0.247,1.073
2024-10-15 13:34:38.820,73230.27,0.005,0.233,-0.973,-0.142,0.149,-0.148,0.035,-0.221,0.683,0.005,-0.235,1.071
2024-10-15 13:34:38.939,73230.389,-0.007,0.25,-0.968,0.008,0.103,-0.164,-0.189,0.264,-0.629,-0.007,-0.253,1.068
2024-10-15 13:34:39.059,73230.509,0.003,0.21,-0.978,0.006,-0.179,0.001,-0.379,-0.211,0.681,0.003,-0.211,1.068
2024-10-15 13:34:39.179,73230.629,-0.008,0.235,-0.972,-0.009,0.169,-0.155,-0.129,0.157,-0.545,-0.008,-0.237,1.066
2024-10-15 13:34:39.299,73230.749,0.007,0.198,-0.98,-0.056,-0.016,0.006,-0.361,-0.276,0.922,0.007,-0.199,1.066
2024-10-15 13:34:39.418,73230.869,-0.002,0.238,-0.971,-0.075,0.216,-0.087,0.427,0.272,-0.718,-0.002,-0.24,1.058
2024-10-15 13:34:39.538,73230.988,0.007,0.212,-0.977,0.01,-0.279,0.115,-0.691,-0.251,0.73,0.008,-0.214,1.077
2024-10-15 13:34:39.658,73231.108,-0.002,0.233,-0.972,-0.047,0.523,0.042,1.105,0.318,-0.639,-0.003,-0.235,1.049
2024-10-15 13:34:39.778,73231.228,0.003,0.213,-0.977,-0.02,-0.283,0.105,0.287,-0.145,0.406,0.003,-0.215,1.082
2024-10-15 13:34:39.897,73231.348,-0.002,0.23,-0.973,0.062,0.075,0.005,-0.444,0.221,-0.61,-0.002,-0.232,1.02
2024-10-15 13:34:40.017,73231.467,0.002,0.206,-0.978,0.053,-0.453,0.052,0.093,-0.098,0.196,0.002,-0.208,1.084
2024-10-15 13:34:40.137,73231.587,-0.001,0.228,-0.974,-0.015,-0.001,0.123,-1.007,0.012,-0.242,-0.001,-0.23,1.012
2024-10-15 13:34:40.256,73231.707,0.005,0.193,-0.981,0.095,-0.621,-0.016,0.254,-0.059,0.103,0.005,-0.194,1.093
2024-10-15 13:34:40.377,73231.827,0.0,0.229,-0.973,-0.166,0.56,0.069,-0.494,-0.069,0.103,0.0,-0.231,1.011
2024-10-15 13:34:40.496,73231.947,0.005,0.185,-0.983,0.199,-0.963,-0.03,0.168,-0.034,-0.333,0.005,-0.186,1.087
2024-10-15 13:34:40.616,73232.066,0.001,0.226,-0.974,-0.258,0.801,-0.033,0.108,0.02,0.342,0.001,-0.228,1.02
2024-10-15 13:34:40.736,73232.186,0.002,0.201,-0.979,0.141,-0.686,-0.146,-1.199,-0.04,-0.583,0.002,-0.203,1.062
2024-10-15 13:34:40.856,73232.306,0.033,0.253,-0.967,-0.141,-0.058,-0.185,-0.214,0.938,-0.718,0.035,-0.256,1.004
2024-10-15 13:34:40.976,73232.426,0.083,0.331,-0.94,0.055,0.012,0.134,-0.794,-0.116,0.014,0.088,-0.338,0.989
2024-10-15 13:34:41.095,73232.546,0.07,0.356,-0.932,0.023,-0.01,0.099,-0.182,-0.204,0.221,0.075,-0.364,1.008
2024-10-15 13:34:41.215,73232.665,0.042,0.342,-0.939,0.024,-0.062,-0.029,0.166,-0.486,0.222,0.045,-0.349,1.04
2024-10-15 13:34:41.335,73232.785,0.013,0.282,-0.959,-0.011,-0.005,-0.046,0.663,-0.084,-0.057,0.014,-0.286,1.048
2024-10-15 13:34:41.455,73232.905,0.004,0.237,-0.972,-0.103,0.123,-0.118,-0.234,-0.177,0.323,0.004,-0.239,1.043
2024-10-15 13:34:41.575,73233.025,-0.005,0.222,-0.975,0.081,-0.408,0.102,-0.299,-0.069,-0.423,-0.005,-0.223,1.062
2024-10-15 13:34:41.694,73233.145,-0.004,0.232,-0.973,-0.171,0.261,-0.034,0.231,-0.093,0.516,-0.004,-0.234,1.048
2024-10-15 13:34:41.814,73233.264,-0.018,0.214,-0.977,0.203,-0.277,0.144,0.433,-0.038,-0.537,-0.018,-0.216,1.061
2024-10-15 13:34:41.934,73233.384,-0.01,0.234,-0.972,-0.199,0.318,-0.024,0.29,-0.015,0.566,-0.01,-0.236,1.04
2024-10-15 13:34:42.054,73233.504,-0.024,0.225,-0.974,0.192,-0.519,-0.009,-0.518,-0.075,-0.551,-0.025,-0.227,1.06
2024-10-15 13:34:42.174,73233.624,-0.015,0.229,-0.973,-0.238,0.783,0.077,1.357,0.079,0.812,-0.015,-0.231,1.04
2024-10-15 13:34:42.293,73233.744,-0.024,0.215,-0.976,0.164,-0.551,0.033,-1.15,-0.079,-0.687,-0.025,-0.217,1.061
2024-10-15 13:34:42.413,73233.863,-0.012,0.207,-0.978,-0.176,0.354,-0.046,0.593,0.097,0.728,-0.012,-0.209,1.049
2024-10-15 13:34:42.533,73233.983,-0.025,0.235,-0.972,0.07,-0.193,-0.081,-0.877,0.031,-0.683,-0.026,-0.237,1.053
2024-10-15 13:34:42.652,73234.103,-0.012,0.203,-0.979,-0.147,0.324,-0.008,0.816,0.06,0.732,-0.012,-0.204,1.036
2024-10-15 13:34:42.773,73234.223,-0.025,0.24,-0.971,0.083,-0.359,-0.127,-1.17,0.01,-0.697,-0.026,-0.242,1.047
2024-10-15 13:34:42.892,73234.342,-0.01,0.203,-0.979,-0.047,0.164,0.005,0.275,-0.074,0.809,-0.011,-0.204,1.038
2024-10-15 13:34:43.012,73234.462,-0.027,0.24,-0.97,0.013,0.036,-0.08,-0.443,0.06,-0.639,-0.028,-0.242,1.037
2024-10-15 13:34:43.132,73234.582,-0.012,0.201,-0.979,0.049,-0.42,0.034,-0.389,-0.115,0.539,-0.012,-0.203,1.05
2024-10-15 13:34:43.252,73234.702,-0.02,0.238,-0.971,-0.061,0.648,-0.037,0.464,0.288,-0.32,-0.02,-0.24,1.015
2024-10-15 13:34:43.372,73234.822,0.003,0.241,-0.971,-0.052,-0.331,0.024,-1.155,0.175,-0.269,0.003,-0.243,1.038
2024-10-15 13:34:43.491,73234.941,0.042,0.363,-0.931,0.006,0.047,-0.055,-0.719,0.818,-0.432,0.045,-0.372,1.002
2024-10-15 13:34:43.611,73235.061,0.073,0.373,-0.925,0.008,-0.028,0.103,-0.221,-0.22,-0.005,0.079,-0.382,0.987
2024-10-15 13:34:43.731,73235.181,0.053,0.388,-0.92,0.026,-0.003,0.006,-0.064,-0.096,-0.007,0.058,-0.398,0.99
2024-10-15 13:34:43.851,73235.301,0.04,0.381,-0.924,0.053,0.001,-0.001,0.26,-0.302,0.201,0.043,-0.391,1.011
2024-10-15 13:34:43.971,73235.421,0.02,0.33,-0.944,0.027,-0.001,-0.05,0.463,-0.054,0.072,0.022,-0.337,1.026
2024-10-15 13:34:44.090,73235.54,0.016,0.293,-0.956,-0.008,0.068,0.002,0.716,-0.141,0.013,0.016,-0.297,1.033
2024-10-15 13:34:44.210,73235.66,-0.001,0.262,-0.965,-0.082,0.12,-0.231,-0.115,-0.176,0.49,-0.001,-0.265,1.049
2024-10-15 13:34:44.330,73235.78,-0.014,0.227,-0.974,-0.092,0.164,-0.011,0.342,0.137,-0.357,-0.015,-0.229,1.046
2024-10-15 13:34:44.451,73235.9,-0.006,0.189,-0.982,0.034,-0.228,-0.064,-0.14,-0.219,0.437,-0.006,-0.19,1.068
2024-10-15 13:34:44.570,73236.02,-0.024,0.203,-0.979,-0.044,0.186,-0.01,0.302,0.203,-0.52,-0.024,-0.205,1.042
2024-10-15 13:34:44.689,73236.139,-0.011,0.203,-0.979,-0.001,-0.284,0.108,-0.621,-0.201,0.658,-0.012,-0.204,1.063
2024-10-15 13:34:44.809,73236.259,-0.021,0.225,-0.974,-0.004,0.363,-0.041,0.815,0.334,-0.619,-0.022,-0.227,1.035
2024-10-15 13:34:44.929,73236.379,-0.011,0.21,-0.978,0.0,-0.091,0.041,-0.716,-0.242,0.826,-0.011,-0.211,1.056
2024-10-15 13:34:45.048,73236.499,-0.022,0.197,-0.98,-0.068,0.379,-0.056,0.993,0.337,-0.728,-0.023,-0.198,1.042
2024-10-15 13:34:45.169,73236.619,-0.005,0.207,-0.978,0.024,-0.187,-0.102,-0.461,-0.1,0.638,-0.006,-0.209,1.048
2024-10-15 13:34:45.288,73236.738,-0.02,0.218,-0.976,-0.061,0.368,-0.147,0.748,0.347,-0.761,-0.021,-0.22,1.036
2024-10-15 13:34:45.408,73236.858,-0.005,0.208,-0.978,0.004,-0.344,0.099,-0.289,-0.193,0.718,-0.005,-0.209,1.053
2024-10-15 13:34:45.527,73236.978,-0.017,0.222,-0.975,-0.014,0.521,-0.032,1.518,0.399,-0.735,-0.018,-0.223,1.025
2024-10-15 13:34:45.647,73237.098,-0.008,0.199,-0.98,0.02,-0.323,0.057,-0.344,-0.245,0.771,-0.009,-0.2,1.045
2024-10-15 13:34:45.767,73237.217,-0.022,0.219,-0.975,-0.054,0.555,0.003,1.347,0.397,-0.805,-0.022,-0.221,1.013
2024-10-15 13:34:45.887,73237.337,-0.008,0.201,-0.98,-0.049,-0.376,0.059,0.101,-0.116,0.513,-0.008,-0.202,1.034
2024-10-15 13:34:46.007,73237.457,-0.021,0.212,-0.977,-0.047,0.548,-0.004,1.123,0.372,-0.701,-0.021,-0.214,0.998
2024-10-15 13:34:46.127,73237.577,-0.008,0.195,-0.981,-0.001,-0.154,0.01,0.389,-0.079,0.395,-0.008,-0.196,1.044
2024-10-15 13:34:46.247,73237.697,-0.014,0.221,-0.975,-0.061,0.273,0.061,-0.892,0.06,-0.075,-0.015,-0.223,0.993
2024-10-15 13:34:46.367,73237.816,0.01,0.246,-0.969,0.003,-0.283,0.075,-0.883,0.243,-0.262,0.01,-0.248,1.019
2024-10-15 13:34:46.486,73237.936,0.061,0.336,-0.94,0.001,-0.041,-0.047,-1.061,0.788,-0.432,0.065,-0.342,0.975
2024-10-15 13:34:46.606,73238.056,0.081,0.369,-0.926,0.064,0.066,0.165,0.063,-0.362,0.197,0.088,-0.377,0.961
2024-10-15 13:34:46.725,73238.176,0.055,0.333,-0.941,0.051,-0.03,-0.01,0.418,-0.345,0.413,0.059,-0.34,1.008
2024-10-15 13:34:46.845,73238.296,0.024,0.24,-0.97,-0.037,0.019,-0.01,1.197,-0.444,-0.102,0.024,-0.243,1.026
2024-10-15 13:34:46.965,73238.415,0.001,0.246,-0.969,0.055,-0.116,0.227,0.508,-0.288,0.426,0.001,-0.248,1.073
2024-10-15 13:34:47.085,73238.535,-0.009,0.27,-0.963,-0.312,0.681,-0.166,-0.03,0.025,0.316,-0.009,-0.273,1.043
2024-10-15 13:34:47.205,73238.655,-0.009,0.226,-0.974,0.17,-0.587,-0.005,0.065,-0.121,-0.292,-0.01,-0.228,1.107
2024-10-15 13:34:47.324,73238.775,-0.016,0.254,-0.967,-0.149,0.459,0.128,-0.433,-0.107,0.239,-0.017,-0.257,1.048
2024-10-15 13:34:47.444,73238.895,-0.02,0.203,-0.979,0.172,-0.642,-0.015,0.563,-0.068,-0.224,-0.02,-0.205,1.112
2024-10-15 13:34:47.564,73239.014,-0.019,0.234,-0.972,-0.258,0.777,0.132,-0.161,-0.035,0.382,-0.02,-0.237,1.042
2024-10-15 13:34:47.684,73239.134,-0.022,0.201,-0.979,0.17,-0.625,-0.045,0.068,-0.113,-0.268,-0.023,-0.203,1.103
2024-10-15 13:34:47.803,73239.254,-0.023,0.225,-0.974,-0.317,0.859,0.13,0.479,0.062,0.476,-0.024,-0.227,1.049
2024-10-15 13:34:47.923,73239.374,-0.023,0.18,-0.983,0.212,-0.728,-0.045,-0.221,-0.048,-0.496,-0.023,-0.181,1.106
2024-10-15 13:34:48.044,73239.494,-0.016,0.21,-0.978,-0.308,0.862,0.067,0.591,0.112,0.513,-0.016,-0.212,1.047
2024-10-15 13:34:48.164,73239.613,-0.016,0.186,-0.983,0.238,-0.829,-0.113,-0.782,-0.031,-0.619,-0.016,-0.187,1.099
2024-10-15 13:34:48.283,73239.733,-0.011,0.226,-0.974,-0.302,0.932,0.04,0.615,0.101,0.539,-0.011,-0.228,1.036
2024-10-15 13:34:48.403,73239.853,-0.011,0.185,-0.983,0.283,-0.835,-0.05,-0.418,-0.11,-0.624,-0.011,-0.186,1.09
2024-10-15 13:34:48.523,73239.973,-0.009,0.206,-0.979,-0.324,1.035,0.123,1.098,0.034,0.789,-0.01,-0.207,1.036
2024-10-15 13:34:48.642,73240.093,-0.015,0.197,-0.98,0.253,-0.851,-0.016,-1.033,-0.042,-0.728,-0.015,-0.198,1.082
2024-10-15 13:34:48.762,73240.212,-0.005,0.211,-0.977,-0.316,0.953,0.063,1.404,0.125,0.774,-0.005,-0.213,1.035
2024-10-15 13:34:48.882,73240.332,-0.015,0.22,-0.975,0.125,-0.409,-0.039,-1.111,-0.104,-0.636,-0.015,-0.222,1.054
2024-10-15 13:34:49.002,73240.452,-0.007,0.192,-0.981,-0.033,0.059,-0.031,0.181,-0.107,0.591,-0.007,-0.193,1.045
2024-10-15 13:34:49.122,73240.572,-0.018,0.219,-0.976,-0.042,0.48,-0.008,0.13,0.153,-0.33,-0.018,-0.22,1.028
2024-10-15 13:34:49.241,73240.691,0.006,0.233,-0.972,-0.053,-0.381,-0.059,-1.382,0.266,-0.322,0.006,-0.235,1.028
2024-10-15 13:34:49.361,73240.811,0.05,0.323,-0.945,0.035,-0.045,-0.077,-0.887,0.677,-0.307,0.053,-0.329,0.992
2024-10-15 13:34:49.481,73240.931,0.077,0.36,-0.93,0.052,0.057,0.131,-0.141,-0.294,0.053,0.083,-0.369,0.969
2024-10-15 13:34:49.601,73241.051,0.06,0.341,-0.938,0.004,0.048,-0.0,0.175,-0.225,0.4,0.064,-0.348,1.007
2024-10-15 13:34:49.719,73241.171,0.043,0.308,-0.95,0.032,-0.089,0.019,0.58,-0.241,0.168,0.045,-0.313,1.05
2024-10-15 13:34:49.840,73241.29,0.026,0.248,-0.968,-0.001,-0.017,-0.059,0.209,-0.101,-0.058,0.027,-0.251,1.049
2024-10-15 13:34:49.960,73241.41,0.014,0.242,-0.97,-0.096,0.058,-0.147,-0.666,-0.268,0.454,0.014,-0.245,1.065
2024-10-15 13:34:50.080,73241.53,0.009,0.221,-0.975,-0.057,0.0,0.085,0.468,0.228,-0.659,0.009,-0.223,1.06
2024-10-15 13:34:50.200,73241.65,0.0,0.237,-0.971,-0.001,-0.203,-0.011,-0.259,-0.392,0.675,0.0,-0.24,1.08
2024-10-15 13:34:50.319,73241.77,-0.011,0.244,-0.97,-0.084,0.393,0.039,0.876,0.31,-0.44,-0.012,-0.247,1.059
2024-10-15 13:34:50.439,73241.889,-0.0,0.232,-0.973,0.006,-0.337,0.078,-0.365,-0.257,0.483,-0.0,-0.235,1.084
2024-10-15 13:34:50.559,73242.009,-0.007,0.228,-0.974,0.028,0.259,-0.091,0.598,0.389,-0.751,-0.008,-0.23,1.053
2024-10-15 13:34:50.679,73242.129,-0.005,0.217,-0.976,0.013,0.002,0.216,0.735,-0.278,0.812,-0.005,-0.218,1.1
2024-10-15 13:34:50.799,73242.249,-0.006,0.224,-0.975,0.132,-0.056,0.009,-0.513,0.267,-0.851,-0.007,-0.226,1.042
2024-10-15 13:34:50.918,73242.369,-0.002,0.23,-0.973,-0.059,-0.01,0.156,0.655,-0.175,0.55,-0.002,-0.232,1.084
2024-10-15 13:34:51.038,73242.488,-0.005,0.237,-0.971,0.087,-0.078,0.128,-0.576,0.138,-0.611,-0.005,-0.24,1.028
2024-10-15 13:34:51.158,73242.608,-0.004,0.208,-0.978,0.004,-0.191,-0.065,0.227,-0.174,0.262,-0.004,-0.21,1.078
2024-10-15 13:34:51.278,73242.728,-0.009,0.221,-0.975,0.005,-0.032,0.133,-0.578,0.1,-0.358,-0.009,-0.223,1.023
2024-10-15 13:34:51.398,73242.848,-0.005,0.191,-0.982,0.088,-0.794,-0.12,-0.381,-0.039,-0.351,-0.006,-0.192,1.072
2024-10-15 13:34:51.517,73242.968,-0.001,0.223,-0.975,-0.165,0.666,0.089,1.056,0.1,0.53,-0.001,-0.225,1.035
2024-10-15 13:34:51.637,73243.087,-0.001,0.261,-0.965,-0.037,0.184,0.082,-0.348,0.089,-0.067,-0.001,-0.264,1.036
2024-10-15 13:34:51.757,73243.207,0.021,0.343,-0.939,0.044,-0.071,-0.086,-1.011,0.549,-0.421,0.022,-0.351,1.009
2024-10-15 13:34:51.877,73243.327,0.047,0.409,-0.911,0.037,0.046,0.017,-0.458,0.161,-0.103,0.052,-0.422,0.977
2024-10-15 13:34:51.996,73243.447,0.061,0.412,-0.909,0.079,0.008,0.024,0.152,0.01,0.134,0.067,-0.425,0.987
2024-10-15 13:34:52.116,73243.566,0.06,0.406,-0.912,0.026,-0.032,0.045,0.06,-0.1,0.119,0.065,-0.418,1.007
2024-10-15 13:34:52.236,73243.686,0.049,0.392,-0.919,0.009,-0.01,0.035,0.078,-0.343,0.079,0.053,-0.402,1.022
2024-10-15 13:34:52.356,73243.806,0.009,0.367,-0.93,-0.066,0.002,0.044,0.311,-0.365,0.138,0.01,-0.376,1.033
2024-10-15 13:34:52.476,73243.926,-0.023,0.325,-0.945,-0.029,-0.006,0.032,0.673,-0.221,0.035,-0.025,-0.331,1.045
2024-10-15 13:34:52.595,73244.046,-0.034,0.303,-0.952,-0.115,0.079,-0.079,-0.337,0.027,0.304,-0.036,-0.308,1.051
2024-10-15 13:34:52.715,73244.165,-0.032,0.251,-0.968,0.219,-0.3,0.132,0.747,0.124,-0.254,-0.033,-0.253,1.087
2024-10-15 13:34:52.836,73244.285,-0.025,0.254,-0.967,-0.233,0.43,0.076,0.354,-0.025,0.493,-0.026,-0.257,1.066
2024-10-15 13:34:52.955,73244.405,-0.038,0.242,-0.969,0.165,-0.424,0.162,-0.842,-0.065,-0.531,-0.04,-0.245,1.087
2024-10-15 13:34:53.074,73244.525,-0.027,0.226,-0.974,-0.133,0.093,0.006,0.584,-0.036,0.594,-0.027,-0.228,1.085
2024-10-15 13:34:53.194,73244.645,-0.041,0.25,-0.967,0.027,0.057,-0.017,-0.608,0.098,-0.502,-0.042,-0.253,1.085
2024-10-15 13:34:53.314,73244.764,-0.022,0.209,-0.978,-0.105,-0.024,-0.023,0.178,-0.169,0.692,-0.023,-0.211,1.088
2024-10-15 13:34:53.434,73244.884,-0.037,0.251,-0.967,-0.005,0.084,-0.009,-0.338,0.155,-0.555,-0.038,-0.253,1.084
2024-10-15 13:34:53.554,73245.004,-0.015,0.207,-0.978,0.042,-0.239,-0.041,-0.057,-0.102,0.541,-0.015,-0.208,1.089
2024-10-15 13:34:53.674,73245.124,-0.026,0.24,-0.97,-0.05,0.257,-0.114,0.458,0.363,-0.698,-0.026,-0.243,1.07
2024-10-15 13:34:53.793,73245.244,-0.006,0.213,-0.977,0.069,-0.411,-0.033,-0.41,-0.212,0.649,-0.006,-0.215,1.081
2024-10-15 13:34:53.913,73245.363,-0.018,0.247,-0.969,-0.054,0.528,-0.009,1.026,0.348,-0.634,-0.019,-0.249,1.054
2024-10-15 13:34:54.033,73245.483,-0.005,0.212,-0.977,-0.012,-0.479,-0.025,0.141,-0.124,0.335,-0.005,-0.213,1.077
2024-10-15 13:34:54.153,73245.603,-0.02,0.245,-0.969,-0.028,0.43,0.075,0.378,0.167,-0.097,-0.021,-0.248,1.048
2024-10-15 13:34:54.272,73245.723,0.011,0.274,-0.962,-0.067,-0.29,-0.051,-1.061,0.527,-0.074,0.012,-0.278,1.048
2024-10-15 13:34:54.392,73245.843,0.055,0.344,-0.937,0.029,0.151,0.157,-0.002,-0.166,0.026,0.059,-0.352,1.024
2024-10-15 13:34:54.512,73245.962,0.028,0.286,-0.958,0.026,-0.034,0.08,0.924,-0.324,0.235,0.029,-0.29,1.056
2024-10-15 13:34:54.632,73246.082,0.007,0.244,-0.97,-0.059,0.079,-0.238,-0.2,-0.267,0.581,0.008,-0.247,1.076
2024-10-15 13:34:54.752,73246.202,-0.01,0.24,-0.971,-0.069,0.096,0.041,1.121,0.183,-0.753,-0.01,-0.242,1.077
2024-10-15 13:34:54.872,73246.322,-0.004,0.211,-0.978,-0.072,-0.277,0.211,-0.563,-0.412,0.94,-0.004,-0.212,1.11
2024-10-15 13:34:54.991,73246.441,-0.023,0.233,-0.972,0.042,0.537,-0.046,1.22,0.35,-0.71,-0.024,-0.235,1.084
2024-10-15 13:34:55.111,73246.561,-0.017,0.216,-0.976,-0.056,-0.26,0.273,-0.161,-0.339,0.863,-0.017,-0.217,1.113
2024-10-15 13:34:55.231,73246.681,-0.033,0.227,-0.973,0.004,0.521,-0.027,1.056,0.388,-0.92,-0.034,-0.229,1.075
2024-10-15 13:34:55.351,73246.801,-0.024,0.207,-0.978,-0.068,-0.385,0.115,0.409,-0.237,0.748,-0.025,-0.208,1.099
2024-10-15 13:34:55.470,73246.921,-0.036,0.215,-0.976,0.042,0.42,-0.013,0.426,0.269,-0.677,-0.036,-0.217,1.06
2024-10-15 13:34:55.590,73247.04,-0.025,0.202,-0.979,-0.096,-0.195,-0.027,0.299,-0.102,0.421,-0.026,-0.203,1.095
2024-10-15 13:34:55.710,73247.16,-0.035,0.219,-0.975,0.048,0.353,-0.037,0.024,0.29,-0.543,-0.035,-0.221,1.051
2024-10-15 13:34:55.829,73247.28,-0.023,0.21,-0.977,0.087,-0.399,-0.006,0.307,-0.138,0.327,-0.024,-0.212,1.107
2024-10-15 13:34:55.950,73247.4,-0.031,0.23,-0.973,-0.006,-0.063,0.078,-0.398,0.138,-0.418,-0.032,-0.232,1.044
2024-10-15 13:34:56.069,73247.52,-0.022,0.196,-0.98,0.078,-0.345,0.059,0.178,-0.17,0.257,-0.022,-0.197,1.101
2024-10-15 13:34:56.189,73247.639,-0.032,0.217,-0.976,-0.057,0.027,0.043,-0.498,0.182,-0.359,-0.033,-0.219,1.038
2024-10-15 13:34:56.309,73247.759,-0.025,0.185,-0.982,0.096,-0.743,-0.096,0.045,-0.123,-0.085,-0.026,-0.186,1.101
2024-10-15 13:34:56.429,73247.879,-0.031,0.222,-0.974,-0.289,0.553,0.092,-0.277,0.089,0.178,-0.032,-0.224,1.035
2024-10-15 13:34:56.549,73247.999,-0.021,0.212,-0.977,0.134,-0.371,0.025,-0.878,-0.017,-0.306,-0.022,-0.213,1.066
2024-10-15 13:34:56.668,73248.119,-0.0,0.268,-0.963,-0.033,0.059,-0.044,-0.578,0.653,-0.325,-0.0,-0.271,1.025
2024-10-15 13:34:56.788,73248.238,0.056,0.336,-0.94,0.015,0.039,0.077,-0.296,0.064,-0.125,0.059,-0.342,0.995
2024-10-15 13:34:56.908,73248.358,0.035,0.347,-0.937,-0.005,0.057,-0.007,0.221,-0.308,0.21,0.037,-0.355,1.001
2024-10-15 13:34:57.027,73248.478,0.016,0.308,-0.951,0.042,-0.05,-0.025,0.666,-0.114,0.057,0.017,-0.313,1.022
2024-10-15 13:34:57.148,73248.598,0.003,0.277,-0.961,-0.022,0.044,0.074,0.573,-0.179,0.043,0.003,-0.28,1.024
2024-10-15 13:34:57.266,73248.718,-0.005,0.27,-0.963,0.095,-0.068,0.127,0.747,-0.166,0.357,-0.005,-0.273,1.068
2024-10-15 13:34:57.388,73248.837,-0.016,0.272,-0.962,-0.231,0.469,-0.164,-0.171,0.061,-0.04,-0.017,-0.276,1.033
2024-10-15 13:34:57.508,73248.957,-0.013,0.247,-0.969,0.136,-0.456,0.014,0.252,-0.15,-0.089,-0.013,-0.25,1.086
2024-10-15 13:34:57.627,73249.077,-0.02,0.263,-0.964,-0.15,0.423,0.044,-0.149,0.079,0.064,-0.02,-0.267,1.027
2024-10-15 13:34:57.746,73249.197,-0.02,0.245,-0.969,0.191,-0.442,0.094,0.271,-0.24,0.115,-0.021,-0.248,1.085
2024-10-15 13:34:57.866,73249.316,-0.033,0.253,-0.967,-0.056,0.138,0.111,-0.594,0.117,-0.286,-0.034,-0.256,1.022
2024-10-15 13:34:57.986,73249.436,-0.029,0.222,-0.975,0.135,-0.476,0.009,0.339,-0.151,0.075,-0.03,-0.223,1.079
2024-10-15 13:34:58.106,73249.556,-0.037,0.238,-0.971,-0.118,0.126,0.129,-0.855,0.076,-0.2,-0.038,-0.24,1.016
2024-10-15 13:34:58.226,73249.676,-0.029,0.226,-0.974,0.101,-0.542,-0.043,0.081,-0.081,0.049,-0.03,-0.228,1.073
2024-10-15 13:34:58.345,73249.796,-0.029,0.252,-0.967,-0.069,0.193,0.188,-0.667,0.092,-0.119,-0.03,-0.255,1.009
2024-10-15 13:34:58.465,73249.915,-0.02,0.205,-0.979,0.122,-0.818,-0.154,0.157,-0.059,-0.249,-0.02,-0.207,1.08
2024-10-15 13:34:58.585,73250.035,-0.025,0.246,-0.969,-0.158,0.406,0.15,-0.538,0.058,0.039,-0.026,-0.249,1.015
2024-10-15 13:34:58.705,73250.155,-0.017,0.225,-0.974,0.158,-0.783,-0.074,-0.286,-0.079,-0.346,-0.018,-0.227,1.065
2024-10-15 13:34:58.824,73250.275,-0.019,0.26,-0.966,-0.265,0.664,0.142,0.017,0.023,0.362,-0.019,-0.263,1.01
2024-10-15 13:34:58.945,73250.395,-0.02,0.242,-0.97,0.273,-0.782,0.015,-0.926,-0.113,-0.575,-0.021,-0.245,1.055
2024-10-15 13:34:59.064,73250.514,-0.017,0.265,-0.964,-0.389,0.994,0.135,1.123,0.062,0.743,-0.017,-0.268,1.007
2024-10-15 13:34:59.183,73250.634,-0.019,0.258,-0.966,0.147,-0.496,0.082,-1.36,-0.027,-0.708,-0.019,-0.261,1.027
2024-10-15 13:34:59.304,73250.754,0.005,0.278,-0.961,-0.176,-0.052,-0.022,-0.233,0.521,-0.188,0.005,-0.282,0.996
2024-10-15 13:34:59.423,73250.874,0.068,0.392,-0.918,0.069,0.113,0.036,-0.037,0.318,0.124,0.074,-0.402,0.995
2024-10-15 13:34:59.544,73250.994,0.043,0.354,-0.934,0.019,0.012,0.121,0.506,-0.542,0.152,0.046,-0.362,1.013
2024-10-15 13:34:59.663,73251.113,0.012,0.296,-0.955,-0.042,0.061,-0.028,1.168,0.085,0.135,0.013,-0.3,1.046
2024-10-15 13:34:59.783,73251.233,-0.0,0.261,-0.965,0.077,-0.025,0.105,0.905,-0.248,0.286,-0.0,-0.264,1.078
2024-10-15 13:34:59.902,73251.353,-0.011,0.261,-0.965,-0.182,0.303,-0.128,-0.659,0.078,-0.089,-0.011,-0.264,1.039
2024-10-15 13:35:00.023,73251.473,-0.006,0.244,-0.97,0.139,-0.407,-0.03,0.002,-0.184,0.088,-0.006,-0.246,1.097
2024-10-15 13:35:00.142,73251.593,-0.014,0.256,-0.967,-0.094,0.195,0.125,-0.661,0.02,-0.057,-0.014,-0.259,1.049
2024-10-15 13:35:00.262,73251.712,-0.01,0.227,-0.974,0.123,-0.481,-0.049,0.117,-0.145,0.049,-0.01,-0.229,1.106
2024-10-15 13:35:00.382,73251.832,-0.017,0.255,-0.967,-0.127,0.376,0.121,-0.778,0.074,-0.147,-0.017,-0.258,1.034
2024-10-15 13:35:00.501,73251.952,-0.011,0.223,-0.975,0.183,-0.586,-0.011,0.08,-0.104,0.021,-0.011,-0.225,1.098
2024-10-15 13:35:00.622,73252.072,-0.02,0.238,-0.971,-0.169,0.485,0.108,-0.578,0.002,0.159,-0.021,-0.241,1.045
2024-10-15 13:35:00.741,73252.191,-0.019,0.212,-0.977,0.278,-0.726,-0.011,-0.027,-0.098,-0.277,-0.019,-0.214,1.097
2024-10-15 13:35:00.861,73252.311,-0.023,0.237,-0.971,-0.43,0.85,-0.011,0.601,0.094,0.46,-0.024,-0.239,1.048
2024-10-15 13:35:00.980,73252.431,-0.023,0.214,-0.976,0.312,-0.786,-0.093,-0.564,-0.157,-0.599,-0.024,-0.216,1.094
2024-10-15 13:35:01.100,73252.551,-0.02,0.232,-0.972,-0.341,0.933,0.108,0.934,0.117,0.687,-0.02,-0.234,1.049
2024-10-15 13:35:01.220,73252.671,-0.022,0.232,-0.973,0.305,-0.874,-0.052,-1.445,-0.102,-0.82,-0.023,-0.234,1.084
2024-10-15 13:35:01.340,73252.79,-0.013,0.235,-0.972,-0.318,0.964,0.2,1.404,0.114,0.831,-0.013,-0.237,1.036
2024-10-15 13:35:01.460,73252.91,-0.013,0.229,-0.973,0.312,-0.812,-0.095,-1.14,-0.054,-0.652,-0.013,-0.231,1.077
2024-10-15 13:35:01.580,73253.03,-0.006,0.243,-0.97,-0.407,1.081,0.061,1.258,0.096,0.823,-0.006,-0.245,1.026
2024-10-15 13:35:01.699,73253.15,-0.009,0.222,-0.975,0.282,-0.94,-0.061,-1.285,-0.156,-0.751,-0.01,-0.224,1.079
2024-10-15 13:35:01.819,73253.27,-0.007,0.22,-0.976,-0.355,1.091,0.111,1.443,0.11,0.859,-0.007,-0.221,1.029
2024-10-15 13:35:01.939,73253.389,-0.015,0.212,-0.977,0.217,-0.799,-0.049,-1.545,-0.156,-0.722,-0.015,-0.213,1.068
2024-10-15 13:35:02.059,73253.509,-0.006,0.206,-0.978,-0.279,0.868,-0.031,1.075,0.146,0.844,-0.006,-0.208,1.036
2024-10-15 13:35:02.179,73253.629,-0.011,0.236,-0.972,0.14,-0.656,-0.039,-1.396,-0.06,-0.79,-0.012,-0.239,1.062
2024-10-15 13:35:02.299,73253.749,-0.0,0.222,-0.975,-0.188,0.323,-0.008,0.647,0.1,0.676,-0.0,-0.224,1.04
2024-10-15 13:35:02.418,73253.869,-0.013,0.251,-0.968,-0.032,0.35,0.047,-0.011,0.044,-0.372,-0.013,-0.254,1.038
2024-10-15 13:35:02.538,73253.988,0.018,0.255,-0.967,-0.157,-0.071,0.036,-0.796,0.644,-0.244,0.018,-0.258,1.001
2024-10-15 13:35:02.658,73254.108,0.083,0.376,-0.923,0.094,0.033,0.047,-0.356,0.176,0.096,0.09,-0.386,1.004
2024-10-15 13:35:02.777,73254.228,0.057,0.365,-0.929,-0.025,0.072,0.097,0.199,-0.371,0.188,0.062,-0.374,1.014
2024-10-15 13:35:02.897,73254.348,0.035,0.318,-0.947,0.049,-0.019,-0.023,0.654,-0.18,0.219,0.037,-0.324,1.043
2024-10-15 13:35:03.017,73254.468,0.024,0.248,-0.969,-0.053,-0.017,-0.119,0.131,-0.043,-0.064,0.025,-0.25,1.044
2024-10-15 13:35:03.138,73254.587,0.012,0.245,-0.969,0.043,-0.09,0.007,-0.197,-0.192,0.283,0.012,-0.248,1.071
2024-10-15 13:35:03.257,73254.707,0.009,0.246,-0.969,-0.042,0.239,-0.089,0.214,0.261,-0.366,0.009,-0.248,1.046
2024-10-15 13:35:03.377,73254.827,0.012,0.24,-0.971,0.166,-0.396,0.144,-0.228,-0.206,0.161,0.012,-0.242,1.076
2024-10-15 13:35:03.497,73254.947,0.003,0.238,-0.971,-0.058,0.086,0.04,-0.206,0.072,-0.182,0.003,-0.241,1.044
2024-10-15 13:35:03.616,73255.067,0.004,0.218,-0.976,0.1,-0.221,0.081,0.406,-0.192,0.233,0.004,-0.22,1.099
2024-10-15 13:35:03.736,73255.186,-0.007,0.199,-0.98,0.002,-0.172,0.066,-1.07,0.087,-0.512,-0.007,-0.201,1.046
2024-10-15 13:35:03.856,73255.306,-0.002,0.209,-0.978,0.046,-0.127,0.061,0.238,-0.201,0.368,-0.002,-0.211,1.099
2024-10-15 13:35:03.976,73255.426,-0.014,0.216,-0.976,0.119,-0.099,0.083,-0.31,0.191,-0.603,-0.015,-0.217,1.046
2024-10-15 13:35:04.095,73255.546,-0.005,0.208,-0.978,-0.026,-0.018,0.15,0.407,-0.24,0.684,-0.005,-0.21,1.099
2024-10-15 13:35:04.215,73255.665,-0.017,0.208,-0.978,0.099,-0.048,0.004,-0.25,0.214,-0.77,-0.017,-0.209,1.043
2024-10-15 13:35:04.335,73255.785,-0.008,0.195,-0.981,-0.012,-0.255,0.203,0.4,-0.197,0.558,-0.008,-0.196,1.091
2024-10-15 13:35:04.455,73255.905,-0.016,0.213,-0.977,0.126,-0.269,0.104,-0.555,0.198,-0.726,-0.016,-0.215,1.033
2024-10-15 13:35:04.575,73256.025,-0.008,0.193,-0.981,0.019,-0.238,0.074,0.139,-0.115,0.251,-0.008,-0.194,1.085
2024-10-15 13:35:04.694,73256.145,-0.014,0.212,-0.977,0.081,-0.354,0.195,-0.858,0.11,-0.538,-0.014,-0.213,1.025
2024-10-15 13:35:04.814,73256.264,-0.004,0.201,-0.98,0.029,-0.192,0.019,0.164,-0.13,0.249,-0.004,-0.203,1.076
2024-10-15 13:35:04.934,73256.384,-0.012,0.219,-0.976,0.069,-0.239,0.172,-0.655,0.146,-0.442,-0.012,-0.221,1.022
2024-10-15 13:35:05.054,73256.504,-0.004,0.195,-0.981,0.05,-0.371,-0.049,0.23,-0.118,0.181,-0.004,-0.196,1.084
2024-10-15 13:35:05.174,73256.624,-0.011,0.224,-0.974,-0.229,0.486,-0.008,-0.207,0.083,0.103,-0.012,-0.226,1.021
2024-10-15 13:35:05.293,73256.744,-0.006,0.198,-0.98,0.212,-0.634,-0.021,-0.268,-0.055,-0.476,-0.006,-0.2,1.062
2024-10-15 13:35:05.413,73256.863,0.001,0.207,-0.978,-0.066,-0.12,0.039,0.234,0.319,-0.224,0.001,-0.208,1.034
2024-10-15 13:35:05.533,73256.983,0.037,0.243,-0.969,0.015,0.116,-0.055,-0.585,0.302,-0.12,0.038,-0.245,0.995
2024-10-15 13:35:05.653,73257.103,0.046,0.291,-0.956,0.005,0.049,0.101,-0.171,-0.207,0.401,0.048,-0.295,1.014
2024-10-15 13:35:05.773,73257.223,0.029,0.276,-0.961,0.047,-0.073,0.028,0.749,-0.151,0.071,0.03,-0.28,1.055
2024-10-15 13:35:05.892,73257.343,0.01,0.249,-0.968,-0.119,0.287,-0.242,0.006,-0.067,0.363,0.01,-0.252,1.056
2024-10-15 13:35:06.012,73257.462,-0.005,0.225,-0.974,0.164,-0.61,0.185,-0.624,0.0,-0.46,-0.005,-0.227,1.093
2024-10-15 13:35:06.132,73257.582,0.001,0.221,-0.975,-0.094,0.092,-0.111,0.56,-0.138,0.751,0.001,-0.223,1.096
2024-10-15 13:35:06.251,73257.702,-0.021,0.246,-0.969,-0.05,0.162,0.018,0.002,0.043,-0.393,-0.022,-0.249,1.104
2024-10-15 13:35:06.371,73257.822,-0.009,0.216,-0.976,-0.005,-0.129,-0.213,-0.212,-0.23,0.685,-0.009,-0.218,1.107
2024-10-15 13:35:06.491,73257.942,-0.024,0.242,-0.97,-0.065,0.37,-0.035,0.593,0.311,-0.582,-0.025,-0.244,1.098
2024-10-15 13:35:06.611,73258.061,-0.008,0.212,-0.977,0.092,-0.258,-0.158,-0.328,-0.171,0.629,-0.008,-0.214,1.096
2024-10-15 13:35:06.731,73258.181,-0.024,0.24,-0.971,-0.067,0.459,-0.022,0.425,0.196,-0.37,-0.025,-0.242,1.089
2024-10-15 13:35:06.851,73258.301,-0.007,0.221,-0.975,0.1,-0.233,-0.06,-0.581,-0.258,0.668,-0.008,-0.223,1.104
2024-10-15 13:35:06.970,73258.421,-0.02,0.229,-0.973,-0.048,0.448,-0.052,1.071,0.356,-0.549,-0.021,-0.231,1.086
2024-10-15 13:35:07.090,73258.54,-0.009,0.217,-0.976,0.069,-0.477,-0.088,-0.595,-0.306,0.578,-0.009,-0.219,1.109
2024-10-15 13:35:07.210,73258.66,-0.022,0.226,-0.974,0.03,0.339,-0.058,0.946,0.429,-0.749,-0.022,-0.228,1.08
2024-10-15 13:35:07.330,73258.78,-0.015,0.221,-0.975,-0.001,-0.409,0.145,0.16,-0.28,0.673,-0.015,-0.223,1.118
2024-10-15 13:35:07.450,73258.9,-0.027,0.233,-0.972,0.121,0.285,-0.034,0.007,0.233,-0.55,-0.027,-0.235,1.08
2024-10-15 13:35:07.569,73259.02,-0.02,0.215,-0.976,-0.013,-0.347,-0.138,0.177,-0.113,0.028,-0.02,-0.216,1.124
2024-10-15 13:35:07.689,73259.139,-0.029,0.247,-0.969,-0.023,0.081,0.124,-0.671,0.068,-0.112,-0.03,-0.25,1.062
2024-10-15 13:35:07.809,73259.259,-0.024,0.227,-0.974,0.113,-0.792,-0.019,-0.28,-0.134,-0.281,-0.025,-0.229,1.112
2024-10-15 13:35:07.929,73259.379,-0.027,0.259,-0.966,-0.152,0.355,0.191,-0.547,0.014,0.14,-0.028,-0.262,1.052
2024-10-15 13:35:08.049,73259.499,-0.025,0.228,-0.973,0.228,-1.122,-0.263,-0.929,-0.094,-0.595,-0.026,-0.23,1.113
2024-10-15 13:35:08.169,73259.619,-0.026,0.265,-0.964,-0.296,0.903,0.131,0.527,0.067,0.472,-0.027,-0.268,1.047
2024-10-15 13:35:08.288,73259.738,-0.026,0.237,-0.971,0.234,-0.763,-0.013,-1.025,-0.087,-0.678,-0.027,-0.239,1.084
2024-10-15 13:35:08.408,73259.858,-0.018,0.25,-0.968,-0.42,1.244,0.045,1.754,0.126,0.905,-0.019,-0.253,1.043
2024-10-15 13:35:08.528,73259.978,-0.025,0.262,-0.965,0.009,0.308,0.086,-0.036,0.062,-0.316,-0.026,-0.266,1.047
2024-10-15 13:35:08.648,73260.098,0.003,0.25,-0.968,-0.039,-0.094,-0.031,-0.429,0.459,-0.424,0.003,-0.252,1.012
2024-10-15 13:35:08.767,73260.218,0.036,0.3,-0.953,0.033,-0.022,-0.011,-0.506,0.111,-0.062,0.037,-0.305,0.992
2024-10-15 13:35:08.887,73260.337,0.036,0.344,-0.938,-0.048,0.011,-0.018,-0.416,-0.046,0.025,0.038,-0.351,0.989
2024-10-15 13:35:09.007,73260.457,0.022,0.35,-0.937,0.055,-0.001,0.053,0.042,-0.39,0.266,0.023,-0.357,1.011
2024-10-15 13:35:09.127,73260.577,-0.004,0.318,-0.948,0.01,0.027,-0.051,1.109,-0.127,0.111,-0.004,-0.323,1.041
2024-10-15 13:35:09.247,73260.697,-0.012,0.297,-0.955,-0.146,0.105,-0.095,0.174,-0.228,0.577,-0.012,-0.301,1.066
2024-10-15 13:35:09.366,73260.817,-0.013,0.272,-0.962,-0.057,0.023,0.181,0.467,0.197,-0.414,-0.013,-0.276,1.073
2024-10-15 13:35:09.486,73260.936,-0.014,0.278,-0.961,0.007,-0.265,0.107,0.422,-0.244,0.511,-0.015,-0.281,1.122
2024-10-15 13:35:09.606,73261.056,-0.021,0.284,-0.959,0.089,0.011,0.035,-0.241,0.165,-0.422,-0.022,-0.288,1.077
2024-10-15 13:35:09.725,73261.176,-0.018,0.276,-0.961,0.123,-0.367,0.003,0.124,-0.135,-0.028,-0.018,-0.28,1.107
2024-10-15 13:35:09.845,73261.296,-0.027,0.284,-0.959,-0.103,0.091,0.072,-0.488,0.083,-0.198,-0.028,-0.288,1.057
2024-10-15 13:35:09.965,73261.416,-0.029,0.257,-0.966,0.141,-0.793,-0.074,-0.216,-0.143,-0.387,-0.03,-0.26,1.101
2024-10-15 13:35:10.085,73261.535,-0.03,0.284,-0.958,-0.277,0.57,0.087,-0.404,0.054,0.281,-0.032,-0.288,1.041
2024-10-15 13:35:10.205,73261.655,-0.027,0.244,-0.969,0.217,-0.868,-0.184,-0.859,-0.116,-0.52,-0.028,-0.247,1.097
2024-10-15 13:35:10.325,73261.775,-0.028,0.283,-0.959,-0.297,0.769,0.213,-0.265,-0.046,0.376,-0.029,-0.287,1.021
2024-10-15 13:35:10.445,73261.895,-0.023,0.246,-0.969,0.158,-0.806,-0.094,-0.027,0.003,-0.434,-0.024,-0.249,1.1
2024-10-15 13:35:10.564,73262.014,-0.02,0.287,-0.958,-0.269,0.793,0.233,-0.292,-0.084,0.348,-0.021,-0.291,1.013
2024-10-15 13:35:10.684,73262.134,-0.02,0.239,-0.971,0.209,-1.0,-0.107,0.199,-0.033,-0.378,-0.02,-0.241,1.104
2024-10-15 13:35:10.804,73262.254,-0.026,0.279,-0.96,-0.202,0.734,0.279,-0.35,-0.125,0.246,-0.027,-0.283,1.011
2024-10-15 13:35:10.924,73262.374,-0.022,0.234,-0.972,0.176,-0.9,-0.086,-0.219,-0.052,-0.369,-0.022,-0.236,1.083
2024-10-15 13:35:11.043,73262.494,-0.022,0.271,-0.962,-0.22,0.808,0.228,0.231,0.057,0.372,-0.023,-0.275,1.018
2024-10-15 13:35:11.163,73262.613,-0.019,0.233,-0.972,0.243,-0.857,-0.192,-0.682,-0.089,-0.604,-0.019,-0.235,1.073
2024-10-15 13:35:11.283,73262.733,-0.014,0.238,-0.971,-0.197,0.59,0.084,0.917,0.143,0.48,-0.014,-0.241,1.042
2024-10-15 13:35:11.403,73262.853,-0.002,0.331,-0.944,-0.048,0.011,0.014,-1.751,0.202,-0.35,-0.002,-0.338,1.021
2024-10-15 13:35:11.523,73262.973,0.038,0.506,-0.862,0.017,0.045,0.001,-1.191,0.781,-0.371,0.044,-0.531,0.977
2024-10-15 13:35:11.642,73263.093,0.058,0.605,-0.794,0.011,0.034,0.054,-0.541,0.206,-0.133,0.073,-0.649,0.945
2024-10-15 13:35:11.761,73263.212,0.063,0.619,-0.783,-0.003,0.015,-0.027,-0.058,0.012,0.096,0.08,-0.668,0.95
2024-10-15 13:35:11.882,73263.332,0.084,0.626,-0.776,0.009,-0.011,0.012,-0.305,0.182,0.135,0.108,-0.676,0.969
